# RADIX operating knot
# torus knot p=2 q=3
o RadixKnot
v 3.23000 -0.00077 0.00000
v 3.25930 0.04853 -0.09839
v 3.33970 0.08482 -0.17041
v 3.44966 0.09839 -0.19677
v 3.55970 0.08559 -0.17041
v 3.64035 0.04986 -0.09839
v 3.67000 0.00077 -0.00000
v 3.64070 -0.04853 0.09839
v 3.56030 -0.08482 0.17041
v 3.45034 -0.09839 0.19677
v 3.34030 -0.08559 0.17041
v 3.25965 -0.04986 0.09839
v 3.23000 -0.00077 0.00000
v 3.21705 0.21266 0.12021
v 3.24015 0.26495 0.02172
v 3.31555 0.31061 -0.05038
v 3.42304 0.33742 -0.07678
v 3.53381 0.33818 -0.05038
v 3.61820 0.31269 0.02172
v 3.65358 0.26778 0.12021
v 3.63047 0.21549 0.21870
v 3.55507 0.16983 0.29080
v 3.44759 0.14302 0.31719
v 3.33681 0.14226 0.29080
v 3.25242 0.16775 0.21870
v 3.21705 0.21266 0.12021
v 3.17824 0.42277 0.23910
v 3.19497 0.47689 0.14031
v 3.26437 0.53095 0.06799
v 3.36784 0.57046 0.04152
v 3.47767 0.58483 0.06799
v 3.56441 0.57022 0.14031
v 3.60484 0.53053 0.23910
v 3.58811 0.47641 0.33789
v 3.51871 0.42235 0.41021
v 3.41524 0.38284 0.43668
v 3.30541 0.36847 0.41021
v 3.21867 0.38308 0.33789
v 3.17824 0.42277 0.23910
v 3.11434 0.62630 0.35537
v 3.12476 0.68111 0.25609
v 3.18738 0.74248 0.18341
v 3.28541 0.79396 0.15681
v 3.39259 0.82177 0.18341
v 3.48020 0.81844 0.25609
v 3.52477 0.78488 0.35537
v 3.51435 0.73007 0.45465
v 3.45173 0.66871 0.52732
v 3.35370 0.61722 0.55393
v 3.24652 0.58942 0.52732
v 3.15890 0.59274 0.45465
v 3.11434 0.62630 0.35537
v 3.02658 0.82018 0.46775
v 3.03100 0.87459 0.36780
v 3.08628 0.94212 0.29464
v 3.17760 1.00467 0.26786
v 3.28049 1.04549 0.29464
v 3.36738 1.05362 0.36780
v 3.41499 1.02691 0.46775
v 3.41056 0.97250 0.56769
v 3.35528 0.90497 0.64085
v 3.26396 0.84242 0.66763
v 3.16107 0.80160 0.64085
v 3.07418 0.79346 0.56769
v 3.02658 0.82018 0.46775
v 2.91664 1.00153 0.57500
v 2.91561 1.05458 0.47423
v 2.96323 1.12710 0.40047
v 3.04673 1.19967 0.37347
v 3.14375 1.25284 0.40047
v 3.22828 1.27237 0.47423
v 3.27768 1.25302 0.57500
v 3.27871 1.19997 0.67577
v 3.23109 1.12745 0.74953
v 3.14759 1.05488 0.77653
v 3.05057 1.00170 0.74953
v 2.96604 0.98218 0.67577
v 2.91664 1.00153 0.57500
v 2.78662 1.16779 0.67595
v 2.78086 1.21865 0.57422
v 2.82071 1.29504 0.49975
v 2.89550 1.37648 0.47250
v 2.98518 1.44115 0.49975
v 3.06573 1.47173 0.57422
v 3.11556 1.46003 0.67595
v 3.12132 1.40916 0.77768
v 3.08146 1.33278 0.85215
v 3.00668 1.25134 0.87941
v 2.91700 1.18666 0.85215
v 2.83645 1.15608 0.77768
v 2.78662 1.16779 0.67595
v 2.63897 1.31678 0.76950
v 2.62937 1.36482 0.66670
v 2.66157 1.44399 0.59144
v 2.72693 1.53308 0.56389
v 2.80795 1.60822 0.59144
v 2.88292 1.64927 0.66670
v 2.93175 1.64523 0.76950
v 2.94135 1.59719 0.87230
v 2.90916 1.51801 0.94756
v 2.84379 1.42892 0.97511
v 2.76277 1.35379 0.94756
v 2.68780 1.31274 0.87230
v 2.63897 1.31678 0.76950
v 2.47644 1.44670 0.85462
v 2.46400 1.49150 0.75066
v 2.48883 1.57250 0.67456
v 2.54427 1.66799 0.64671
v 2.61547 1.75239 0.67456
v 2.68336 1.80308 0.75066
v 2.72973 1.80648 0.85462
v 2.74217 1.76167 0.95857
v 2.71734 1.68067 1.03467
v 2.66190 1.58518 1.06253
v 2.59069 1.50078 1.03467
v 2.52281 1.45010 0.95857
v 2.47644 1.44670 0.85462
v 2.30197 1.55624 0.93037
v 2.28778 1.59761 0.82522
v 2.30569 1.67960 0.74825
v 2.35091 1.78025 0.72008
v 2.41131 1.87259 0.74825
v 2.47073 1.93187 0.82522
v 2.51322 1.94221 0.93037
v 2.52742 1.90084 1.03552
v 2.50950 1.81884 1.11249
v 2.46429 1.71819 1.14066
v 2.40388 1.62586 1.11249
v 2.34447 1.56658 1.03552
v 2.30197 1.55624 0.93037
v 2.11867 1.64456 0.99593
v 2.10383 1.68254 0.88960
v 2.11540 1.76485 0.81176
v 2.15027 1.86945 0.78327
v 2.19911 1.96831 0.81176
v 2.24882 2.03493 0.88960
v 2.28608 2.05147 0.99593
v 2.30092 2.01349 1.10226
v 2.28936 1.93118 1.18010
v 2.25448 1.82658 1.20859
v 2.20565 1.72772 1.18010
v 2.15594 1.66110 1.10226
v 2.11867 1.64456 0.99593
v 1.92969 1.71134 1.05058
v 1.91530 1.74620 0.94312
v 1.92119 1.82834 0.86446
v 1.94576 1.93574 0.83567
v 1.98245 2.03963 0.86446
v 2.02141 2.11218 0.94312
v 2.05221 2.13394 1.05058
v 2.06660 2.09908 1.15803
v 2.06072 2.01694 1.23669
v 2.03614 1.90954 1.26549
v 1.99945 1.80564 1.23669
v 1.96049 1.73310 1.15803
v 1.92969 1.71134 1.05058
v 1.73813 1.75675 1.09371
v 1.72524 1.78899 0.98526
v 1.72615 1.87062 0.90586
v 1.74064 1.97978 0.87680
v 1.76481 2.08720 0.90586
v 1.79219 2.16411 0.98526
v 1.81544 2.18990 1.09371
v 1.82834 2.15766 1.20217
v 1.82743 2.07602 1.28157
v 1.81294 1.96687 1.31063
v 1.78877 1.85945 1.28157
v 1.76139 1.78254 1.20217
v 1.73813 1.75675 1.09371
v 1.54700 1.78144 1.12487
v 1.53653 1.81176 1.01560
v 1.53321 1.89276 0.93561
v 1.53793 2.00271 0.90634
v 1.54943 2.11216 0.93561
v 1.56463 2.19178 1.01560
v 1.57945 2.22024 1.12487
v 1.58992 2.18991 1.23414
v 1.59324 2.10892 1.31412
v 1.58852 1.99897 1.34340
v 1.57702 1.88952 1.31412
v 1.56182 1.80989 1.23414
v 1.54700 1.78144 1.12487
v 1.35909 1.78652 1.14370
v 1.35184 1.81581 1.03389
v 1.34499 1.89619 0.95351
v 1.34039 2.00611 0.92408
v 1.33926 2.11611 0.95351
v 1.34192 2.19674 1.03389
v 1.34763 2.22637 1.14370
v 1.35489 2.19707 1.25351
v 1.36173 2.11670 1.33389
v 1.36634 2.00678 1.36332
v 1.36746 1.89677 1.33389
v 1.36481 1.81615 1.25351
v 1.35909 1.78652 1.14370
v 1.17691 1.77351 1.15000
v 1.17350 1.80279 1.04000
v 1.16380 1.88273 0.95947
v 1.15039 1.99191 0.93000
v 1.13689 2.10107 0.95947
v 1.12689 2.18098 1.04000
v 1.12309 2.21021 1.15000
v 1.12650 2.18093 1.26000
v 1.13620 2.10099 1.34053
v 1.14961 1.99181 1.37000
v 1.16311 1.88264 1.34053
v 1.17311 1.80274 1.26000
v 1.17691 1.77351 1.15000
v 1.00262 1.74428 1.14370
v 1.00349 1.77464 1.03395
v 0.99152 1.85445 0.95360
v 0.96991 1.96233 0.92419
v 0.94445 2.06936 0.95360
v 0.92197 2.14687 1.03395
v 0.90849 2.17409 1.14370
v 0.90762 2.14373 1.25345
v 0.91960 2.06392 1.33380
v 0.94121 1.95604 1.36321
v 0.96666 1.84901 1.33380
v 0.98914 1.77150 1.25345
v 1.00262 1.74428 1.14370
v 0.83800 1.70096 1.12487
v 0.84338 1.73355 1.01588
v 0.82964 1.81364 0.93610
v 0.80046 1.91977 0.90690
v 0.76366 2.02351 0.93610
v 0.72911 2.09706 1.01588
v 0.70605 2.12071 1.12487
v 0.70068 2.08812 1.23386
v 0.71442 2.00803 1.31364
v 0.74360 1.90190 1.34284
v 0.78039 1.79816 1.31364
v 0.81495 1.72461 1.23386
v 0.83800 1.70096 1.12487
v 0.68436 1.64589 1.09371
v 0.69426 1.68180 0.98610
v 0.67916 1.76264 0.90732
v 0.64309 1.86674 0.87849
v 0.59573 1.96620 0.90732
v 0.54975 2.03439 0.98610
v 0.51749 2.05302 1.09371
v 0.50758 2.01710 1.20133
v 0.52269 1.93627 1.28011
v 0.55876 1.83217 1.30894
v 0.60612 1.73270 1.28011
v 0.65210 1.66452 1.20133
v 0.68436 1.64589 1.09371
v 0.54253 1.58150 1.05058
v 0.55681 1.62175 0.94501
v 0.54067 1.70382 0.86773
v 0.49842 1.80572 0.83944
v 0.44139 1.90014 0.86773
v 0.38487 1.96180 0.94501
v 0.34399 1.97416 1.05058
v 0.32971 1.93391 1.15615
v 0.34586 1.85184 1.23343
v 0.38811 1.74994 1.26172
v 0.44513 1.65551 1.23343
v 0.50166 1.59386 1.15615
v 0.54253 1.58150 1.05058
v 0.41288 1.51023 0.99593
v 0.43123 1.55565 0.89312
v 0.41429 1.63942 0.81786
v 0.36661 1.73911 0.79032
v 0.30096 1.82799 0.81786
v 0.23493 1.88225 0.89312
v 0.18621 1.88735 0.99593
v 0.16786 1.84194 1.09874
v 0.18479 1.75816 1.17399
v 0.23247 1.65848 1.20154
v 0.29813 1.56960 1.17399
v 0.36416 1.51534 1.09874
v 0.41288 1.51023 0.99593
v 0.29523 1.43444 0.93037
v 0.31728 1.48563 0.83106
v 0.29980 1.57153 0.75836
v 0.24748 1.66911 0.73175
v 0.17433 1.75224 0.75836
v 0.09995 1.79863 0.83106
v 0.04428 1.79586 0.93037
v 0.02224 1.74467 1.02968
v 0.03972 1.65877 1.10237
v 0.09204 1.56119 1.12898
v 0.16519 1.47806 1.10237
v 0.23956 1.43167 1.02968
v 0.29523 1.43444 0.93037
v 0.18896 1.35629 0.85462
v 0.21434 1.41356 0.75952
v 0.19661 1.50192 0.68990
v 0.14050 1.59769 0.66442
v 0.06106 1.67520 0.68990
v -0.02043 1.71369 0.75952
v -0.08214 1.70285 0.85462
v -0.10752 1.64557 0.94972
v -0.08978 1.55721 1.01933
v -0.03367 1.46145 1.04482
v 0.04577 1.38393 1.01933
v 0.12726 1.34544 0.94972
v 0.18896 1.35629 0.85462
v 0.09295 1.27765 0.76950
v 0.12142 1.34098 0.67924
v 0.10384 1.43205 0.61316
v 0.04492 1.52646 0.58897
v -0.03955 1.59890 0.61316
v -0.12694 1.62998 0.67924
v -0.19383 1.61135 0.76950
v -0.22230 1.54802 0.85976
v -0.20472 1.45696 0.92584
v -0.14580 1.36255 0.95003
v -0.06133 1.29011 0.92584
v 0.02606 1.25903 0.85976
v 0.09295 1.27765 0.76950
v 0.00562 1.20007 0.67595
v 0.03716 1.26904 0.59101
v 0.02039 1.36296 0.52882
v -0.04020 1.45665 0.50606
v -0.12839 1.52502 0.52882
v -0.22053 1.54974 0.59101
v -0.29195 1.52419 0.67595
v -0.32350 1.45521 0.76090
v -0.30672 1.36130 0.82308
v -0.24613 1.26760 0.84585
v -0.15794 1.19924 0.82308
v -0.06580 1.17452 0.76090
v 0.00562 1.20007 0.67595
v -0.07503 1.12466 0.57500
v -0.04007 1.19846 0.49563
v -0.05504 1.29525 0.43753
v -0.11595 1.38909 0.41626
v -0.20646 1.45485 0.43753
v -0.30233 1.47490 0.49563
v -0.37787 1.44386 0.57500
v -0.41283 1.37006 0.65437
v -0.39786 1.27327 0.71247
v -0.33695 1.17943 0.73374
v -0.24644 1.11367 0.71247
v -0.15057 1.09362 0.65437
v -0.07503 1.12466 0.57500
v -0.15140 1.05218 0.46775
v -0.11228 1.12954 0.39390
v -0.12406 1.22907 0.33984
v -0.18359 1.32412 0.32005
v -0.27492 1.38920 0.33984
v -0.37357 1.40689 0.39390
v -0.45312 1.37244 0.46775
v -0.49225 1.29508 0.54160
v -0.48047 1.19555 0.59566
v -0.42094 1.10050 0.61545
v -0.32961 1.03542 0.59566
v -0.23095 1.01773 0.54160
v -0.15140 1.05218 0.46775
v -0.22619 0.98318 0.35537
v -0.18181 1.06235 0.28659
v -0.18860 1.16427 0.23623
v -0.24473 1.26163 0.21780
v -0.33517 1.32833 0.23623
v -0.43568 1.34652 0.28659
v -0.51934 1.31131 0.35537
v -0.56371 1.23214 0.42415
v -0.55693 1.13022 0.47451
v -0.50079 1.03286 0.49294
v -0.41035 0.96616 0.47451
v -0.30984 0.94797 0.42415
v -0.22619 0.98318 0.35537
v -0.30215 0.91828 0.23910
v -0.25136 0.99707 0.17445
v -0.25117 1.10065 0.12712
v -0.30163 1.20126 0.10980
v -0.38923 1.27194 0.12712
v -0.49049 1.29375 0.17445
v -0.57827 1.26085 0.23910
v -0.62907 1.18205 0.30375
v -0.62926 1.07847 0.35108
v -0.57879 0.97786 0.36840
v -0.49119 0.90718 0.35108
v -0.38994 0.88537 0.30375
v -0.30215 0.91828 0.23910
v -0.38155 0.85847 0.12021
v -0.32363 0.93449 0.05827
v -0.31482 1.03858 0.01293
v -0.35747 1.14286 -0.00366
v -0.44016 1.21938 0.01293
v -0.54073 1.24765 0.05827
v -0.63223 1.22008 0.12021
v -0.69015 1.14406 0.18214
v -0.69896 1.03997 0.22748
v -0.65631 0.93569 0.24408
v -0.57362 0.85917 0.22748
v -0.47305 0.83090 0.18214
v -0.38155 0.85847 0.12021
v -0.46548 0.80513 0.00000
v -0.40077 0.87626 -0.06102
v -0.38275 0.97945 -0.10569
v -0.41625 1.08706 -0.12204
v -0.49228 1.17025 -0.10569
v -0.59047 1.20673 -0.06102
v -0.68452 1.18673 0.00000
v -0.74923 1.11560 0.06102
v -0.76725 1.01241 0.10569
v -0.73375 0.90480 0.12204
v -0.65772 0.82161 0.10569
v -0.55953 0.78513 0.06102
v -0.46548 0.80513 0.00000
v -0.55360 0.75924 -0.12021
v -0.48374 0.82434 -0.18225
v -0.45752 0.92543 -0.22767
v -0.48196 1.03541 -0.24430
v -0.55051 1.12481 -0.22767
v -0.64481 1.16968 -0.18225
v -0.73959 1.15799 -0.12021
v -0.80945 1.09289 -0.05816
v -0.83567 0.99180 -0.01274
v -0.81123 0.88183 0.00388
v -0.74268 0.79242 -0.01274
v -0.64838 0.74755 -0.05816
v -0.55360 0.75924 -0.12021
v -0.64490 0.72053 -0.23910
v -0.57244 0.77979 -0.30395
v -0.54045 0.87824 -0.35143
v -0.55751 0.98949 -0.36880
v -0.61903 1.08373 -0.35143
v -0.70855 1.13571 -0.30395
v -0.80206 1.13150 -0.23910
v -0.87452 1.07224 -0.17425
v -0.90651 0.97379 -0.12677
v -0.88946 0.86255 -0.10939
v -0.82793 0.76830 -0.12677
v -0.73842 0.71632 -0.17425
v -0.64490 0.72053 -0.23910
v -0.73882 0.68733 -0.35537
v -0.66659 0.74194 -0.42442
v -0.63202 0.83796 -0.47497
v -0.64439 0.94964 -0.49348
v -0.70036 1.04707 -0.47497
v -0.78496 1.10414 -0.42442
v -0.87550 1.10556 -0.35537
v -0.94774 1.05095 -0.28632
v -0.98230 0.95493 -0.23576
v -0.96994 0.84325 -0.21726
v -0.91396 0.74582 -0.23576
v -0.82937 0.68875 -0.28632
v -0.73882 0.68733 -0.35537
v -0.83568 0.65716 -0.46775
v -0.76630 0.70869 -0.54191
v -0.73241 0.80289 -0.59619
v -0.74309 0.91451 -0.61606
v -0.79549 1.01365 -0.59619
v -0.87555 1.07374 -0.54191
v -0.96184 1.07869 -0.46775
v -1.03122 1.02715 -0.39359
v -1.06511 0.93296 -0.33930
v -1.05443 0.82133 -0.31943
v -1.00203 0.72219 -0.33930
v -0.92197 0.66210 -0.39359
v -0.83568 0.65716 -0.46775
v -0.93637 0.62734 -0.57500
v -0.87207 0.67717 -0.65469
v -0.84177 0.77016 -0.71303
v -0.85360 0.88139 -0.73439
v -0.90438 0.98106 -0.71303
v -0.98051 1.04247 -0.65469
v -1.06158 1.04915 -0.57500
v -1.12588 0.99931 -0.49531
v -1.15618 0.90632 -0.43697
v -1.14435 0.79509 -0.41561
v -1.09357 0.69542 -0.43697
v -1.01745 0.63402 -0.49531
v -0.93637 0.62734 -0.57500
v -1.04179 0.59527 -0.67595
v -0.98439 0.64431 -0.76121
v -0.96013 0.73642 -0.82363
v -0.97550 0.84692 -0.84647
v -1.02640 0.94620 -0.82363
v -1.09917 1.00766 -0.76121
v -1.17432 1.01483 -0.67595
v -1.23172 0.96579 -0.59069
v -1.25598 0.87368 -0.52828
v -1.24060 0.76318 -0.50543
v -1.18971 0.66390 -0.52828
v -1.11694 0.60244 -0.59069
v -1.04179 0.59527 -0.67595
v -1.15247 0.55850 -0.76950
v -1.10341 0.60709 -0.86006
v -1.08713 0.69825 -0.92635
v -1.10799 0.80754 -0.95061
v -1.16041 0.90568 -0.92635
v -1.23034 0.96638 -0.86006
v -1.29903 0.97337 -0.76950
v -1.34810 0.92478 -0.67894
v -1.36438 0.83363 -0.61265
v -1.34352 0.72434 -0.58839
v -1.29110 0.62619 -0.61265
v -1.22117 0.56549 -0.67894
v -1.15247 0.55850 -0.76950
v -1.26845 0.51474 -0.85462
v -1.22877 0.56271 -0.94998
v -1.22193 0.65242 -1.01978
v -1.24977 0.75985 -1.04533
v -1.30483 0.85621 -1.01978
v -1.37235 0.91567 -0.94998
v -1.43425 0.92231 -0.85462
v -1.47394 0.87434 -0.75926
v -1.48077 0.78463 -0.68945
v -1.45293 0.67720 -0.66390
v -1.39787 0.58085 -0.68945
v -1.33035 0.52138 -0.75926
v -1.26845 0.51474 -0.85462
v -1.38917 0.46187 -0.93037
v -1.35953 0.50861 -1.02990
v -1.36313 0.59606 -1.10276
v -1.39903 0.70079 -1.12942
v -1.45760 0.79474 -1.10276
v -1.52315 0.85274 -1.02990
v -1.57811 0.85925 -0.93037
v -1.60776 0.81251 -0.83084
v -1.60415 0.72506 -0.75798
v -1.56825 0.62033 -0.73131
v -1.50968 0.52638 -0.75798
v -1.44413 0.46838 -0.83084
v -1.38917 0.46187 -0.93037
v -1.51357 0.39798 -0.99593
v -1.49422 0.44258 -1.09891
v -1.50884 0.52667 -1.17430
v -1.55350 0.62773 -1.20190
v -1.61624 0.71867 -1.17430
v -1.68025 0.77513 -1.09891
v -1.72837 0.78199 -0.99593
v -1.74772 0.73739 -0.89294
v -1.73310 0.65330 -0.81756
v -1.68844 0.55224 -0.78996
v -1.62570 0.46130 -0.81756
v -1.56169 0.40483 -0.89294
v -1.51357 0.39798 -0.99593
v -1.64008 0.32143 -1.05058
v -1.63092 0.36279 -1.15628
v -1.65668 0.44227 -1.23367
v -1.71047 0.53857 -1.26199
v -1.77788 0.62588 -1.23367
v -1.84083 0.68081 -1.15628
v -1.88247 0.68864 -1.05058
v -1.89163 0.64728 -0.94487
v -1.86587 0.56780 -0.86749
v -1.81207 0.47151 -0.83917
v -1.74467 0.38419 -0.86749
v -1.68172 0.32926 -0.94487
v -1.64008 0.32143 -1.05058
v -1.76674 0.23091 -1.09371
v -1.76728 0.26788 -1.20143
v -1.80396 0.34141 -1.28027
v -1.86694 0.43179 -1.30914
v -1.93935 0.51481 -1.28027
v -2.00179 0.56822 -1.20143
v -2.03753 0.57772 -1.09371
v -2.03699 0.54074 -0.98600
v -2.00031 0.46721 -0.90716
v -1.93733 0.37683 -0.87829
v -1.86492 0.29381 -0.90716
v -1.80248 0.24040 -0.98600
v -1.76674 0.23091 -1.09371
v -1.89127 0.12549 -1.12487
v -1.90071 0.15694 -1.23392
v -1.94769 0.22318 -1.31374
v -2.01964 0.30648 -1.34296
v -2.09727 0.38451 -1.31374
v -2.15978 0.43637 -1.23392
v -2.19042 0.44815 -1.12487
v -2.18098 0.41671 -1.01582
v -2.13400 0.35046 -0.93600
v -2.06205 0.26716 -0.90678
v -1.98442 0.18913 -0.93600
v -1.92191 0.13728 -1.01582
v -1.89127 0.12549 -1.12487
v -2.01113 0.00469 -1.14370
v -2.02838 0.02958 -1.25348
v -2.08477 0.08728 -1.33385
v -2.16521 0.16234 -1.36326
v -2.24813 0.23464 -1.33385
v -2.31131 0.28482 -1.25348
v -2.33784 0.29942 -1.14370
v -2.32059 0.27453 -1.03392
v -2.26419 0.21683 -0.95355
v -2.18376 0.14177 -0.92414
v -2.10084 0.06947 -0.95355
v -2.03765 0.01929 -1.03392
v -2.01113 0.00469 -1.14370
v -2.12364 -0.13152 -1.15000
v -2.14739 -0.11406 -1.26000
v -2.21203 -0.06603 -1.34053
v -2.30024 -0.00032 -1.37000
v -2.38838 0.06549 -1.34053
v -2.45285 0.11374 -1.26000
v -2.47636 0.13152 -1.15000
v -2.45261 0.11406 -1.04000
v -2.38797 0.06603 -0.95947
v -2.29976 0.00032 -0.93000
v -2.21162 -0.06549 -0.95947
v -2.14715 -0.11374 -1.04000
v -2.12364 -0.13152 -1.15000
v -2.22607 -0.28269 -1.14370
v -2.25484 -0.27330 -1.25349
v -2.32634 -0.23592 -1.33386
v -2.42141 -0.18056 -1.36327
v -2.51458 -0.12206 -1.33386
v -2.58088 -0.07608 -1.25349
v -2.60255 -0.05496 -1.14370
v -2.57378 -0.06435 -1.03391
v -2.50229 -0.10173 -0.95355
v -2.40721 -0.15709 -0.92413
v -2.31404 -0.21559 -0.95355
v -2.24774 -0.26157 -1.03391
v -2.22607 -0.28269 -1.14370
v -2.31572 -0.44787 -1.12487
v -2.34793 -0.44697 -1.23410
v -2.42474 -0.42099 -1.31406
v -2.52557 -0.37689 -1.34332
v -2.62341 -0.32649 -1.31406
v -2.69203 -0.28329 -1.23410
v -2.71306 -0.25887 -1.12487
v -2.68085 -0.25978 -1.01564
v -2.60404 -0.28576 -0.93568
v -2.50320 -0.32986 -0.90642
v -2.40537 -0.38026 -0.93568
v -2.33674 -0.42345 -1.01564
v -2.31572 -0.44787 -1.12487
v -2.39001 -0.62566 -1.09371
v -2.42403 -0.63340 -1.20212
v -2.50449 -0.61935 -1.28148
v -2.60983 -0.58728 -1.31052
v -2.71183 -0.54577 -1.28148
v -2.78314 -0.50596 -1.20212
v -2.80468 -0.47851 -1.09371
v -2.77065 -0.47077 -0.98531
v -2.69019 -0.48482 -0.90595
v -2.58485 -0.51689 -0.87691
v -2.48286 -0.55839 -0.90595
v -2.41154 -0.59820 -0.98531
v -2.39001 -0.62566 -1.09371
v -2.44659 -0.81418 -1.05058
v -2.48080 -0.83046 -1.15797
v -2.56317 -0.82863 -1.23659
v -2.67163 -0.80919 -1.26536
v -2.77711 -0.77735 -1.23659
v -2.85136 -0.74163 -1.15797
v -2.87447 -0.71161 -1.05058
v -2.84026 -0.69533 -0.94318
v -2.75789 -0.69716 -0.86457
v -2.64943 -0.71660 -0.83579
v -2.54395 -0.74844 -0.86457
v -2.46970 -0.78416 -0.94318
v -2.44659 -0.81418 -1.05058
v -2.48339 -1.01118 -0.99593
v -2.51623 -1.03564 -1.10219
v -2.59874 -1.04607 -1.17998
v -2.70882 -1.03969 -1.20846
v -2.81697 -1.01821 -1.17998
v -2.89421 -0.98737 -1.10219
v -2.91984 -0.95544 -0.99593
v -2.88701 -0.93098 -0.88966
v -2.80449 -0.92054 -0.81187
v -2.69442 -0.92692 -0.78340
v -2.58627 -0.94841 -0.81187
v -2.50903 -0.97925 -0.88966
v -2.48339 -1.01118 -0.99593
v -2.49870 -1.21404 -0.93037
v -2.52870 -1.24609 -1.03545
v -2.60961 -1.26858 -1.11237
v -2.71974 -1.27549 -1.14053
v -2.82958 -1.26497 -1.11237
v -2.90970 -1.23983 -1.03545
v -2.93864 -1.20682 -0.93037
v -2.90863 -1.17477 -0.82529
v -2.82773 -1.15228 -0.74837
v -2.71760 -1.14537 -0.72021
v -2.60776 -1.15589 -0.74837
v -2.52763 -1.18103 -0.82529
v -2.49870 -1.21404 -0.93037
v -2.49123 -1.41988 -0.85462
v -2.51709 -1.45871 -0.95850
v -2.59469 -1.49280 -1.03456
v -2.70325 -1.51302 -1.06239
v -2.81367 -1.51396 -1.03456
v -2.89637 -1.49536 -0.95850
v -2.92919 -1.46220 -0.85462
v -2.90333 -1.42338 -0.75073
v -2.82572 -1.38929 -0.67468
v -2.71716 -1.36906 -0.64684
v -2.60674 -1.36813 -0.67468
v -2.52404 -1.38673 -0.75073
v -2.49123 -1.41988 -0.85462
v -2.46015 -1.62560 -0.76950
v -2.48073 -1.67021 -0.87224
v -2.55345 -1.71521 -0.94745
v -2.65880 -1.74855 -0.97498
v -2.76856 -1.76130 -0.94745
v -2.85333 -1.75004 -0.87224
v -2.89038 -1.71778 -0.76950
v -2.86980 -1.67317 -0.66676
v -2.79709 -1.62817 -0.59155
v -2.69173 -1.59483 -0.56402
v -2.58197 -1.58208 -0.59155
v -2.49720 -1.59335 -0.66676
v -2.46015 -1.62560 -0.76950
v -2.40512 -1.82799 -0.67595
v -2.41952 -1.87723 -0.77762
v -2.48587 -1.93224 -0.85205
v -2.58641 -1.97828 -0.87929
v -2.69418 -2.00301 -0.85205
v -2.78031 -1.99982 -0.77762
v -2.82173 -1.96954 -0.67595
v -2.80733 -1.92030 -0.57428
v -2.74097 -1.86529 -0.49985
v -2.64044 -1.81925 -0.47261
v -2.53267 -1.79451 -0.49985
v -2.44654 -1.79771 -0.57428
v -2.40512 -1.82799 -0.67595
v -2.32631 -2.02377 -0.57500
v -2.33384 -2.07638 -0.67572
v -2.39255 -2.14031 -0.74944
v -2.48670 -2.19841 -0.77643
v -2.59107 -2.23512 -0.74944
v -2.67769 -2.24061 -0.67572
v -2.72335 -2.21340 -0.57500
v -2.71581 -2.16078 -0.47428
v -2.65711 -2.09686 -0.40056
v -2.56296 -2.03876 -0.37357
v -2.45859 -2.00204 -0.40056
v -2.37197 -1.99656 -0.47428
v -2.32631 -2.02377 -0.57500
v -2.22439 -2.20972 -0.46775
v -2.22463 -2.26439 -0.56765
v -2.27460 -2.33597 -0.64078
v -2.36090 -2.40528 -0.66755
v -2.46041 -2.45376 -0.64078
v -2.54647 -2.46840 -0.56765
v -2.59602 -2.44529 -0.46775
v -2.59577 -2.39062 -0.36785
v -2.54581 -2.31904 -0.29472
v -2.45951 -2.24973 -0.26795
v -2.35999 -2.20126 -0.29472
v -2.27393 -2.18661 -0.36785
v -2.22439 -2.20972 -0.46775
v -2.10053 -2.38276 -0.35537
v -2.09331 -2.43814 -0.45462
v -2.13367 -2.51600 -0.52727
v -2.21078 -2.59547 -0.55386
v -2.30398 -2.65526 -0.52727
v -2.38831 -2.67935 -0.45462
v -2.44115 -2.66128 -0.35537
v -2.44836 -2.60590 -0.25612
v -2.40801 -2.52804 -0.18347
v -2.33089 -2.44857 -0.15688
v -2.23769 -2.38878 -0.18347
v -2.15337 -2.36469 -0.25612
v -2.10053 -2.38276 -0.35537
v -1.95635 -2.53999 -0.23910
v -1.94178 -2.59477 -0.33787
v -1.97190 -2.67744 -0.41017
v -2.03864 -2.76584 -0.43664
v -2.12411 -2.83628 -0.41017
v -2.20542 -2.86990 -0.33787
v -2.26077 -2.85768 -0.23910
v -2.27534 -2.80289 -0.14033
v -2.24522 -2.72023 -0.06803
v -2.17849 -2.63183 -0.04156
v -2.09301 -2.56138 -0.06803
v -2.01170 -2.52777 -0.14033
v -1.95635 -2.53999 -0.23910
v -1.79392 -2.67879 -0.12021
v -1.77233 -2.73175 -0.21869
v -1.79183 -2.81772 -0.29078
v -1.84721 -2.91367 -0.31717
v -1.92361 -2.99388 -0.29078
v -2.00057 -3.03688 -0.21869
v -2.05747 -3.03112 -0.12021
v -2.07906 -2.97817 -0.02173
v -2.05955 -2.89220 0.05036
v -2.00418 -2.79625 0.07675
v -1.92778 -2.71603 0.05036
v -1.85081 -2.67304 -0.02173
v -1.79392 -2.67879 -0.12021
v -1.61567 -2.79688 -0.00000
v -1.58763 -2.84690 -0.09839
v -1.59640 -2.93468 -0.17041
v -1.63962 -3.03668 -0.19677
v -1.70573 -3.12559 -0.17041
v -1.77700 -3.17757 -0.09839
v -1.83433 -3.17870 -0.00000
v -1.86237 -3.12867 0.09839
v -1.85360 -3.04090 0.17041
v -1.81038 -2.93889 0.19677
v -1.74427 -2.84999 0.17041
v -1.67300 -2.79801 0.09839
v -1.61567 -2.79688 -0.00000
v -1.42436 -2.89237 0.12021
v -1.39062 -2.93853 0.02172
v -1.38878 -3.02666 -0.05038
v -1.41931 -3.13315 -0.07678
v -1.47404 -3.22946 -0.05038
v -1.53830 -3.28980 0.02172
v -1.59488 -3.29798 0.12021
v -1.62861 -3.25183 0.21870
v -1.63046 -3.16370 0.29080
v -1.59993 -3.05721 0.31719
v -1.54520 -2.96089 0.29080
v -1.48094 -2.90056 0.21870
v -1.42436 -2.89237 0.12021
v -1.22299 -2.96382 0.23910
v -1.18449 -3.00537 0.14031
v -1.17237 -3.09250 0.06799
v -1.18989 -3.20186 0.04152
v -1.23235 -3.30416 0.06799
v -1.28838 -3.37198 0.14031
v -1.34296 -3.38715 0.23910
v -1.38147 -3.34560 0.33789
v -1.39359 -3.25847 0.41021
v -1.37607 -3.14910 0.43668
v -1.33360 -3.04681 0.41021
v -1.27758 -2.97899 0.33789
v -1.22299 -2.96382 0.23910
v -1.01477 -3.01025 0.35537
v -0.97252 -3.04668 0.25609
v -0.95068 -3.13159 0.18341
v -0.95511 -3.24223 0.15681
v -0.98462 -3.34896 0.18341
v -1.03131 -3.42317 0.25609
v -1.08266 -3.44498 0.35537
v -1.12491 -3.40855 0.45465
v -1.14675 -3.32364 0.52732
v -1.14232 -3.21300 0.55393
v -1.11281 -3.10627 0.52732
v -1.06612 -3.03206 0.45465
v -1.01477 -3.01025 0.35537
v -0.80299 -3.03118 0.46775
v -0.75808 -3.06222 0.36780
v -0.72724 -3.14386 0.29464
v -0.71873 -3.25422 0.26786
v -0.73483 -3.36373 0.29464
v -0.77122 -3.44305 0.36780
v -0.81816 -3.47092 0.46775
v -0.86307 -3.43988 0.56769
v -0.89391 -3.35824 0.64085
v -0.90243 -3.24788 0.66763
v -0.88633 -3.13837 0.64085
v -0.84993 -3.05905 0.56769
v -0.80299 -3.03118 0.46775
v -0.59097 -3.02665 0.57500
v -0.54452 -3.05228 0.47423
v -0.50552 -3.12978 0.40047
v -0.48442 -3.23838 0.37347
v -0.48688 -3.34899 0.40047
v -0.51224 -3.43196 0.47423
v -0.55370 -3.46507 0.57500
v -0.60015 -3.43943 0.67577
v -0.63915 -3.36193 0.74953
v -0.66025 -3.25333 0.77653
v -0.65779 -3.14272 0.74953
v -0.63243 -3.05975 0.67577
v -0.59097 -3.02665 0.57500
v -0.38197 -2.99718 0.67595
v -0.33504 -3.01762 0.57422
v -0.28882 -3.09033 0.49975
v -0.25568 -3.19582 0.47250
v -0.24452 -3.30582 0.49975
v -0.25831 -3.39087 0.57422
v -0.29336 -3.42817 0.67595
v -0.34029 -3.40772 0.77768
v -0.38651 -3.33502 0.85215
v -0.41965 -3.22953 0.87941
v -0.43082 -3.11952 0.85215
v -0.41703 -3.03448 0.77768
v -0.38197 -2.99718 0.67595
v -0.17912 -2.94381 0.76950
v -0.13272 -2.95951 0.66670
v -0.08025 -3.02698 0.59144
v -0.03578 -3.12814 0.56389
v -0.01122 -3.23587 0.59144
v -0.01315 -3.32132 0.66670
v -0.04106 -3.36158 0.76950
v -0.08747 -3.34588 0.87230
v -0.13994 -3.27841 0.94756
v -0.18441 -3.17725 0.97511
v -0.20897 -3.06952 0.94756
v -0.20704 -2.98407 0.87230
v -0.17912 -2.94381 0.76950
v 0.01466 -2.86801 0.85462
v 0.05968 -2.87964 0.75066
v 0.11741 -2.94164 0.67456
v 0.17239 -3.03740 0.64671
v 0.20988 -3.14126 0.67456
v 0.21983 -3.22540 0.75066
v 0.19959 -3.26725 0.85462
v 0.15457 -3.25563 0.95857
v 0.09684 -3.19362 1.03467
v 0.04186 -3.09786 1.06253
v 0.00437 -2.99400 1.03467
v -0.00559 -2.90987 0.95857
v 0.01466 -2.86801 0.85462
v 0.19675 -2.77168 0.93037
v 0.23968 -2.78008 0.82522
v 0.30173 -2.83658 0.74825
v 0.36629 -2.92607 0.72008
v 0.41605 -3.02455 0.74825
v 0.43768 -3.10564 0.82522
v 0.42539 -3.14762 0.93037
v 0.38247 -3.13923 1.03552
v 0.32041 -3.08272 1.11249
v 0.25586 -2.99323 1.14066
v 0.20609 -2.89475 1.11249
v 0.18446 -2.81366 1.03552
v 0.19675 -2.77168 0.93037
v 0.36490 -2.65710 0.99593
v 0.40520 -2.66324 0.88960
v 0.47071 -2.71442 0.81176
v 0.54386 -2.79692 0.78327
v 0.60505 -2.88863 0.81176
v 0.63789 -2.96500 0.88960
v 0.63358 -3.00554 0.99593
v 0.59327 -2.99940 1.10226
v 0.52777 -2.94823 1.18010
v 0.45462 -2.86573 1.20859
v 0.39343 -2.77401 1.18010
v 0.36058 -2.69765 1.10226
v 0.36490 -2.65710 0.99593
v 0.51722 -2.52683 1.05058
v 0.55460 -2.53180 0.94312
v 0.62279 -2.57796 0.86446
v 0.70352 -2.65295 0.83567
v 0.77515 -2.73667 0.86446
v 0.81849 -2.80668 0.94312
v 0.82194 -2.84424 1.05058
v 0.78455 -2.83927 1.15803
v 0.71636 -2.79310 1.23669
v 0.63564 -2.71812 1.26549
v 0.56401 -2.63440 1.23669
v 0.52066 -2.56438 1.15803
v 0.51722 -2.52683 1.05058
v 0.65232 -2.38364 1.09371
v 0.68669 -2.38859 0.98526
v 0.75693 -2.43020 0.90586
v 0.84422 -2.49732 0.87680
v 0.92517 -2.57197 0.90586
v 0.97808 -2.63414 0.98526
v 0.98879 -2.66717 1.09371
v 0.95442 -2.66222 1.20217
v 0.88418 -2.62061 1.28157
v 0.79689 -2.55349 1.31063
v 0.71594 -2.47885 1.28157
v 0.66303 -2.41668 1.20217
v 0.65232 -2.38364 1.09371
v 0.76927 -2.23046 1.12487
v 0.80077 -2.23656 1.01560
v 0.87257 -2.27418 0.93561
v 0.96543 -2.33324 0.90634
v 1.05447 -2.39792 0.93561
v 1.11582 -2.45089 1.01560
v 1.13306 -2.47796 1.12487
v 1.10156 -2.47187 1.23414
v 1.02976 -2.43425 1.31412
v 0.93690 -2.37518 1.34340
v 0.84786 -2.31050 1.31412
v 0.78650 -2.25753 1.23414
v 0.76927 -2.23046 1.12487
v 0.86762 -2.07027 1.14370
v 0.89662 -2.07863 1.03389
v 0.96965 -2.11289 0.95351
v 1.06714 -2.16386 0.92408
v 1.16298 -2.21789 0.95351
v 1.23147 -2.26050 1.03389
v 1.25427 -2.28027 1.14370
v 1.22528 -2.27191 1.25351
v 1.15225 -2.23765 1.33389
v 1.05475 -2.18667 1.36332
v 0.95892 -2.13264 1.33389
v 0.89043 -2.09004 1.25351
v 0.86762 -2.07027 1.14370
v 0.94745 -1.90599 1.15000
v 0.97451 -1.91767 1.04000
v 1.04859 -1.94924 0.95947
v 1.14985 -1.99222 0.93000
v 1.25114 -2.03511 0.95947
v 1.32534 -2.06641 1.04000
v 1.35255 -2.07773 1.15000
v 1.32549 -2.06604 1.26000
v 1.25141 -2.03448 1.34053
v 1.15015 -1.99149 1.37000
v 1.04886 -1.94861 1.34053
v 0.97466 -1.91731 1.26000
v 0.94745 -1.90599 1.15000
v 1.00928 -1.74044 1.14370
v 1.03514 -1.75637 1.03395
v 1.11024 -1.78591 0.95360
v 1.21447 -1.82113 0.92419
v 1.31989 -1.85260 0.95360
v 1.39826 -1.87189 1.03395
v 1.42857 -1.87382 1.14370
v 1.40271 -1.85789 1.25345
v 1.32761 -1.82835 1.33380
v 1.22338 -1.79313 1.36321
v 1.11796 -1.76166 1.33380
v 1.03959 -1.74237 1.25345
v 1.00928 -1.74044 1.14370
v 1.05407 -1.57621 1.12487
v 1.07961 -1.59716 1.01588
v 1.15584 -1.62530 0.93610
v 1.26234 -1.65310 0.90690
v 1.37058 -1.67311 0.93610
v 1.45155 -1.67996 1.01588
v 1.48356 -1.67182 1.12487
v 1.45803 -1.65087 1.23386
v 1.38180 -1.62272 1.31364
v 1.27529 -1.59492 1.34284
v 1.16705 -1.57492 1.31364
v 1.08608 -1.56807 1.23386
v 1.05407 -1.57621 1.12487
v 1.08320 -1.41562 1.09371
v 1.10935 -1.44215 0.98610
v 1.18691 -1.46949 0.90732
v 1.29510 -1.49030 0.87849
v 1.40492 -1.49902 0.90732
v 1.48696 -1.49329 0.98610
v 1.51922 -1.47467 1.09371
v 1.49307 -1.44813 1.20133
v 1.41551 -1.42080 1.28011
v 1.30733 -1.39998 1.30894
v 1.19750 -1.39127 1.28011
v 1.11547 -1.39699 1.20133
v 1.08320 -1.41562 1.09371
v 1.09835 -1.26060 1.05058
v 1.12607 -1.29309 0.94501
v 1.20522 -1.32014 0.86773
v 1.31459 -1.33450 0.83944
v 1.42488 -1.33233 0.86773
v 1.50653 -1.31420 0.94501
v 1.53767 -1.28498 1.05058
v 1.50996 -1.25249 1.15615
v 1.43081 -1.22544 1.23343
v 1.32144 -1.21108 1.26172
v 1.21115 -1.21325 1.23343
v 1.12949 -1.23137 1.15615
v 1.09835 -1.26060 1.05058
v 1.10146 -1.11268 0.99593
v 1.13162 -1.15128 0.89312
v 1.21264 -1.17850 0.81786
v 1.32280 -1.18705 0.79032
v 1.43260 -1.17463 0.81786
v 1.51261 -1.14458 0.89312
v 1.54139 -1.10494 0.99593
v 1.51123 -1.06634 1.09874
v 1.43022 -1.03912 1.17399
v 1.32005 -1.03057 1.20154
v 1.21025 -1.04298 1.17399
v 1.13024 -1.07304 1.09874
v 1.10146 -1.11268 0.99593
v 1.09464 -0.97290 0.93037
v 1.12795 -1.01759 0.83106
v 1.21108 -1.04540 0.75836
v 1.32176 -1.04888 0.73175
v 1.43032 -1.02709 0.75836
v 1.50768 -0.98588 0.83106
v 1.53312 -0.93628 0.93037
v 1.49981 -0.89159 1.02968
v 1.41668 -0.86378 1.10237
v 1.30601 -0.86030 1.12898
v 1.19744 -0.88209 1.10237
v 1.12008 -0.92330 1.02968
v 1.09464 -0.97290 0.93037
v 1.08010 -0.84179 0.85462
v 1.11701 -0.89241 0.75952
v 1.20240 -0.92123 0.68990
v 1.31339 -0.92052 0.66442
v 1.42024 -0.89048 0.68990
v 1.49432 -0.83915 0.75952
v 1.51578 -0.78029 0.85462
v 1.47887 -0.72967 0.94972
v 1.39348 -0.70086 1.01933
v 1.28248 -0.70156 1.04482
v 1.17563 -0.73161 1.01933
v 1.10156 -0.78293 0.94972
v 1.08010 -0.84179 0.85462
v 1.06001 -0.71932 0.76950
v 1.10062 -0.77564 0.67924
v 1.18827 -0.80595 0.61316
v 1.29949 -0.80213 0.58897
v 1.40447 -0.76519 0.61316
v 1.47507 -0.70505 0.67924
v 1.49239 -0.63781 0.76950
v 1.45178 -0.58149 0.85976
v 1.36412 -0.55118 0.92584
v 1.25291 -0.55501 0.95003
v 1.14793 -0.59194 0.92584
v 1.07732 -0.65208 0.85976
v 1.06001 -0.71932 0.76950
v 1.03648 -0.60490 0.67595
v 1.08044 -0.66671 0.59101
v 1.17016 -0.69914 0.52882
v 1.28160 -0.69351 0.50606
v 1.38490 -0.65132 0.52882
v 1.45238 -0.58388 0.59101
v 1.46596 -0.50926 0.67595
v 1.42200 -0.44745 0.76090
v 1.33228 -0.41502 0.82308
v 1.22084 -0.42065 0.84585
v 1.11754 -0.46284 0.82308
v 1.05006 -0.53028 0.76090
v 1.03648 -0.60490 0.67595
v 1.01150 -0.49735 0.57500
v 1.05793 -0.56453 0.49563
v 1.14924 -0.59995 0.43753
v 1.26096 -0.59413 0.41626
v 1.36317 -0.54863 0.43753
v 1.42846 -0.47562 0.49563
v 1.43935 -0.39469 0.57500
v 1.39292 -0.32751 0.65437
v 1.30161 -0.29208 0.71247
v 1.18989 -0.29790 0.73374
v 1.08768 -0.34341 0.71247
v 1.02239 -0.41641 0.65437
v 1.01150 -0.49735 0.57500
v 0.98692 -0.39497 0.46775
v 1.03435 -0.46754 0.39390
v 1.12644 -0.50710 0.33984
v 1.23851 -0.50307 0.32005
v 1.34054 -0.45652 0.33984
v 1.40519 -0.37992 0.39390
v 1.41513 -0.29380 0.46775
v 1.36770 -0.22124 0.54160
v 1.27561 -0.18167 0.59566
v 1.16353 -0.18571 0.61545
v 1.06150 -0.23226 0.59566
v 0.99686 -0.30886 0.54160
v 0.98692 -0.39497 0.46775
v 0.96456 -0.29571 0.35537
v 1.01093 -0.37372 0.28659
v 1.10259 -0.41880 0.23623
v 1.21497 -0.41887 0.21780
v 1.31796 -0.37390 0.23623
v 1.38396 -0.29595 0.28659
v 1.39529 -0.20590 0.35537
v 1.34892 -0.12788 0.42415
v 1.25726 -0.08280 0.47451
v 1.14488 -0.08273 0.49294
v 1.04189 -0.12770 0.47451
v 0.97589 -0.20566 0.42415
v 0.96456 -0.29571 0.35537
v 0.94633 -0.19747 0.23910
v 0.98917 -0.28086 0.17445
v 1.07878 -0.33281 0.12712
v 1.19114 -0.33941 0.10980
v 1.29615 -0.29889 0.12712
v 1.36566 -0.22210 0.17445
v 1.38106 -0.12962 0.23910
v 1.33822 -0.04624 0.30375
v 1.24861 0.00572 0.35108
v 1.13625 0.01232 0.36840
v 1.03124 -0.02821 0.35108
v 0.96172 -0.10499 0.30375
v 0.94633 -0.19747 0.23910
v 0.93423 -0.09881 0.12021
v 0.97110 -0.18697 0.05827
v 1.05685 -0.24665 0.01293
v 1.16848 -0.26185 -0.00366
v 1.27610 -0.22851 0.01293
v 1.35086 -0.15554 0.05827
v 1.37273 -0.06251 0.12021
v 1.33586 0.02565 0.18214
v 1.25012 0.08533 0.22748
v 1.13849 0.10054 0.24408
v 1.03087 0.06719 0.22748
v 0.95611 -0.00578 0.18214
v 0.93423 -0.09881 0.12021
v 0.93000 0.00055 0.00000
v 0.95925 -0.09105 -0.06102
v 1.03960 -0.15825 -0.10569
v 1.14954 -0.18305 -0.12204
v 1.25960 -0.15880 -0.10569
v 1.34030 -0.09200 -0.06102
v 1.37000 -0.00055 0.00000
v 1.34075 0.09105 0.06102
v 1.26040 0.15825 0.10569
v 1.15046 0.18305 0.12204
v 1.04040 0.15880 0.10569
v 0.95970 0.09200 0.06102
v 0.93000 0.00055 0.00000
v 0.93432 0.09981 -0.12021
v 0.95577 0.00676 -0.18225
v 1.03020 -0.06649 -0.22767
v 1.13767 -0.10032 -0.24430
v 1.24937 -0.08565 -0.22767
v 1.33538 -0.02642 -0.18225
v 1.37265 0.06151 -0.12021
v 1.35119 0.15456 -0.05816
v 1.27676 0.22781 -0.01274
v 1.16930 0.26163 0.00388
v 1.05760 0.24697 -0.01274
v 0.97159 0.18773 -0.05816
v 0.93432 0.09981 -0.12021
v 0.94645 0.19824 -0.23910
v 0.96154 0.10585 -0.30395
v 1.03080 0.02893 -0.35143
v 1.13567 -0.01193 -0.36880
v 1.24805 -0.00576 -0.35143
v 1.33783 0.04577 -0.30395
v 1.38094 0.12885 -0.23910
v 1.36585 0.22124 -0.17425
v 1.29658 0.29817 -0.12677
v 1.19172 0.33902 -0.10939
v 1.07934 0.33286 -0.12677
v 0.98956 0.28133 -0.17425
v 0.94645 0.19824 -0.23910
v 0.96465 0.29617 -0.35537
v 0.97584 0.20631 -0.42442
v 1.04170 0.12837 -0.47497
v 1.14461 0.08323 -0.49348
v 1.25697 0.08300 -0.47497
v 1.34870 0.12772 -0.42442
v 1.39520 0.20543 -0.35537
v 1.38401 0.29529 -0.28632
v 1.31815 0.37323 -0.23576
v 1.21524 0.41837 -0.21726
v 1.10288 0.41860 -0.23576
v 1.01115 0.37388 -0.28632
v 0.96465 0.29617 -0.35537
v 0.98696 0.39514 -0.46775
v 0.99689 0.30929 -0.54191
v 1.06152 0.23284 -0.59619
v 1.16354 0.18628 -0.61606
v 1.27559 0.18209 -0.59619
v 1.36766 0.22138 -0.54191
v 1.41509 0.29363 -0.46775
v 1.40515 0.37948 -0.39359
v 1.34052 0.45593 -0.33930
v 1.23851 0.50249 -0.31943
v 1.12645 0.50669 -0.33930
v 1.03438 0.46740 -0.39359
v 0.98696 0.39514 -0.46775
v 1.01147 0.49725 -0.57500
v 1.02248 0.41665 -0.65469
v 1.08787 0.34392 -0.71303
v 1.19011 0.29854 -0.73439
v 1.30182 0.29268 -0.71303
v 1.39305 0.32791 -0.65469
v 1.43938 0.39478 -0.57500
v 1.42837 0.47539 -0.49531
v 1.36299 0.54812 -0.43697
v 1.26074 0.59349 -0.41561
v 1.14904 0.59935 -0.43697
v 1.05780 0.56413 -0.49531
v 1.01147 0.49725 -0.57500
v 1.03641 0.60458 -0.67595
v 1.05018 0.53035 -0.76121
v 1.11782 0.46329 -0.82363
v 1.22121 0.42135 -0.84647
v 1.33263 0.41578 -0.82363
v 1.42224 0.44808 -0.76121
v 1.46603 0.50958 -0.67595
v 1.45226 0.58380 -0.59069
v 1.38462 0.65087 -0.52828
v 1.28123 0.69281 -0.50543
v 1.16981 0.69837 -0.52828
v 1.08020 0.66608 -0.59069
v 1.03641 0.60458 -0.67595
v 1.05991 0.71882 -0.76950
v 1.07746 0.65204 -0.86006
v 1.14826 0.59236 -0.92635
v 1.25334 0.55578 -0.95061
v 1.36455 0.55210 -0.92635
v 1.45208 0.58231 -0.86006
v 1.49248 0.63831 -0.76950
v 1.47493 0.70510 -0.67894
v 1.40413 0.76477 -0.61265
v 1.29905 0.80135 -0.58839
v 1.18785 0.80503 -0.61265
v 1.10032 0.77482 -0.67894
v 1.05991 0.71882 -0.76950
v 1.08001 0.84114 -0.85462
v 1.10170 0.78279 -0.94998
v 1.17598 0.73201 -1.01978
v 1.28293 0.70241 -1.04533
v 1.39391 0.70191 -1.01978
v 1.47917 0.73066 -0.94998
v 1.51587 0.78094 -0.85462
v 1.49417 0.83929 -0.75926
v 1.41990 0.89007 -0.68945
v 1.31294 0.91968 -0.66390
v 1.20196 0.92017 -0.68945
v 1.11670 0.89142 -0.75926
v 1.08001 0.84114 -0.85462
v 1.09458 0.97212 -0.93037
v 1.12023 0.92308 -1.02990
v 1.19777 0.88248 -1.10276
v 1.30642 0.86120 -1.12942
v 1.41707 0.86495 -1.10276
v 1.50007 0.89271 -1.02990
v 1.53318 0.93706 -0.93037
v 1.50753 0.98610 -0.83084
v 1.43000 1.02670 -0.75798
v 1.32135 1.04798 -0.73131
v 1.21070 1.04423 -0.75798
v 1.12769 1.01647 -0.83084
v 1.09458 0.97212 -0.93037
v 1.10145 1.11180 -0.99593
v 1.13039 1.07275 -1.09891
v 1.21053 1.04336 -1.17430
v 1.32038 1.03151 -1.20190
v 1.43051 1.04037 -1.17430
v 1.51141 1.06757 -1.09891
v 1.54141 1.10582 -0.99593
v 1.51246 1.14487 -0.89294
v 1.43233 1.17426 -0.81756
v 1.32248 1.18611 -0.78996
v 1.21235 1.17725 -0.81756
v 1.13144 1.15005 -0.89294
v 1.10145 1.11180 -0.99593
v 1.09841 1.25964 -1.05058
v 1.12965 1.23102 -1.15628
v 1.21136 1.21359 -1.23367
v 1.32165 1.21203 -1.26199
v 1.43097 1.22675 -1.23367
v 1.51002 1.25380 -1.15628
v 1.53762 1.28594 -1.05058
v 1.50638 1.31456 -0.94487
v 1.42466 1.33199 -0.86749
v 1.31437 1.33355 -0.83917
v 1.20506 1.31883 -0.86749
v 1.12601 1.29178 -0.94487
v 1.09841 1.25964 -1.05058
v 1.08334 1.41459 -1.09371
v 1.11563 1.39657 -1.20143
v 1.19765 1.39157 -1.28027
v 1.30741 1.40092 -1.30914
v 1.41552 1.42212 -1.28027
v 1.49299 1.44949 -1.20143
v 1.51908 1.47569 -1.09371
v 1.48679 1.49371 -0.98600
v 1.40478 1.49872 -0.90716
v 1.29501 1.48936 -0.87829
v 1.18691 1.46816 -0.90716
v 1.10943 1.44079 -0.98600
v 1.08334 1.41459 -1.09371
v 1.05431 1.57514 -1.12487
v 1.08626 1.56759 -1.23392
v 1.16713 1.57516 -1.31374
v 1.27524 1.59582 -1.34296
v 1.38163 1.62403 -1.31374
v 1.45779 1.65224 -1.23392
v 1.48332 1.67288 -1.12487
v 1.45137 1.68043 -1.01582
v 1.37051 1.67286 -0.93600
v 1.26239 1.65221 -0.90678
v 1.15600 1.62399 -0.93600
v 1.07984 1.59579 -1.01582
v 1.05431 1.57514 -1.12487
v 1.00963 1.73934 -1.14370
v 1.03980 1.74184 -1.25348
v 1.11797 1.76183 -1.33385
v 1.22319 1.79395 -1.36326
v 1.32727 1.82961 -1.33385
v 1.40231 1.85925 -1.25348
v 1.42822 1.87492 -1.14370
v 1.39805 1.87242 -1.03392
v 1.31988 1.85243 -0.95355
v 1.21466 1.82031 -0.92414
v 1.11058 1.78465 -0.95355
v 1.03553 1.75501 -1.03392
v 1.00963 1.73934 -1.14370
v 0.94792 1.90489 -1.15000
v 0.97492 1.91672 -1.26000
v 1.04882 1.94869 -1.34053
v 1.14984 1.99222 -1.37000
v 1.25090 2.03566 -1.34053
v 1.32493 2.06736 -1.26000
v 1.35208 2.07883 -1.15000
v 1.32508 2.06700 -1.04000
v 1.25118 2.03503 -0.95947
v 1.15016 1.99150 -0.93000
v 1.04910 1.94806 -0.95947
v 0.97507 1.91636 -1.04000
v 0.94792 1.90489 -1.15000
v 0.86822 2.06918 -1.14370
v 0.89073 2.08940 -1.25349
v 0.95886 2.13263 -1.33386
v 1.05434 2.18728 -1.36327
v 1.15159 2.23872 -1.33386
v 1.22455 2.27315 -1.25349
v 1.25368 2.28136 -1.14370
v 1.23117 2.26114 -1.03391
v 1.16304 2.21791 -0.95355
v 1.06756 2.16325 -0.92413
v 0.97031 2.11182 -0.95355
v 0.89735 2.07738 -1.03391
v 0.86822 2.06918 -1.14370
v 0.76999 2.22941 -1.12487
v 0.78687 2.25685 -1.23410
v 0.84778 2.31038 -1.31406
v 0.93639 2.37566 -1.34332
v 1.02896 2.43519 -1.31406
v 1.10068 2.47302 -1.23410
v 1.13234 2.47901 -1.12487
v 1.11545 2.45157 -1.01564
v 1.05454 2.39804 -0.93568
v 0.96594 2.33276 -0.90642
v 0.87337 2.27324 -0.93568
v 0.80165 2.23540 -1.01564
v 0.76999 2.22941 -1.12487
v 0.65317 2.38264 -1.09371
v 0.66348 2.41597 -1.20212
v 0.71587 2.47863 -1.28148
v 0.79632 2.55382 -1.31052
v 0.88326 2.62140 -1.28148
v 0.95340 2.66325 -1.20212
v 0.98794 2.66817 -1.09371
v 0.97763 2.63484 -0.98531
v 0.92523 2.57218 -0.90595
v 0.84479 2.49699 -0.87691
v 0.75785 2.42942 -0.90595
v 0.68771 2.38756 -0.98531
v 0.65317 2.38264 -1.09371
v 0.51820 2.52590 -1.05058
v 0.52120 2.56367 -1.15797
v 0.56397 2.63409 -1.23659
v 0.63503 2.71829 -1.26536
v 0.71535 2.79372 -1.23659
v 0.78341 2.84016 -1.15797
v 0.82096 2.84517 -1.05058
v 0.81795 2.80740 -0.94318
v 0.77519 2.73698 -0.86457
v 0.70412 2.65277 -0.83579
v 0.62381 2.57734 -0.86457
v 0.55575 2.53091 -0.94318
v 0.51820 2.52590 -1.05058
v 0.36599 2.65627 -0.99593
v 0.36123 2.69693 -1.10219
v 0.39344 2.77361 -1.17998
v 0.45401 2.86575 -1.20846
v 0.52669 2.94867 -1.17998
v 0.59202 3.00014 -1.10219
v 0.63249 3.00638 -0.99593
v 0.63725 2.96571 -0.88966
v 0.60504 2.88903 -0.81187
v 0.54447 2.79689 -0.78340
v 0.47179 2.71398 -0.81187
v 0.40646 2.66250 -0.88966
v 0.36599 2.65627 -0.99593
v 0.19796 2.77096 -0.93037
v 0.18521 2.81296 -1.03545
v 0.20618 2.89428 -1.11237
v 0.25526 2.99311 -1.14053
v 0.31929 3.08297 -1.11237
v 0.38112 3.13979 -1.03545
v 0.42418 3.14834 -0.93037
v 0.43694 3.10634 -0.82529
v 0.41596 3.02502 -0.74837
v 0.36688 2.92619 -0.72021
v 0.30285 2.83633 -0.74837
v 0.24102 2.77951 -0.82529
v 0.19796 2.77096 -0.93037
v 0.01596 2.86741 -0.85462
v -0.00473 2.90922 -0.95850
v 0.00455 2.99347 -1.03456
v 0.04131 3.09760 -1.06239
v 0.09571 3.19369 -1.03456
v 0.15317 3.25601 -0.95850
v 0.19829 3.26785 -0.85462
v 0.21898 3.22605 -0.75073
v 0.20970 3.14179 -0.67468
v 0.17294 3.03766 -0.64684
v 0.11854 2.94157 -0.67468
v 0.06108 2.87925 -0.75073
v 0.01596 2.86741 -0.85462
v -0.17774 2.94335 -0.76950
v -0.20608 2.98348 -0.87224
v -0.20869 3.06896 -0.94745
v -0.18489 3.17686 -0.97498
v -0.14105 3.27830 -0.94745
v -0.08891 3.34608 -0.87224
v -0.04245 3.36204 -0.76950
v -0.01411 3.32191 -0.66676
v -0.01149 3.23643 -0.59155
v -0.03530 3.12852 -0.56402
v -0.07914 3.02709 -0.59155
v -0.13128 2.95931 -0.66676
v -0.17774 2.94335 -0.76950
v -0.38052 2.99689 -0.67595
v -0.41597 3.03398 -0.77762
v -0.43043 3.11895 -0.85205
v -0.42004 3.22903 -0.87929
v -0.38757 3.33473 -0.85205
v -0.34174 3.40773 -0.77762
v -0.29481 3.42846 -0.67595
v -0.25937 3.39137 -0.57428
v -0.24490 3.30640 -0.49985
v -0.25530 3.19631 -0.47261
v -0.28776 3.09061 -0.49985
v -0.33360 3.01762 -0.57428
v -0.38052 2.99689 -0.67595
v -0.58948 3.02653 -0.57500
v -0.63128 3.05936 -0.67572
v -0.65728 3.14216 -0.74944
v -0.66053 3.25275 -0.77643
v -0.64014 3.36149 -0.74944
v -0.60158 3.43925 -0.67572
v -0.55519 3.46519 -0.57500
v -0.51339 3.43236 -0.47428
v -0.48738 3.34955 -0.40056
v -0.48414 3.23896 -0.37357
v -0.50453 3.13022 -0.40056
v -0.54308 3.05246 -0.47428
v -0.58948 3.02653 -0.57500
v -0.80148 3.03124 -0.46775
v -0.84870 3.05878 -0.56765
v -0.88571 3.13785 -0.64078
v -0.90259 3.24724 -0.66755
v -0.89481 3.35766 -0.64078
v -0.86446 3.43951 -0.56765
v -0.81968 3.47086 -0.46775
v -0.77245 3.44332 -0.36785
v -0.73544 3.36425 -0.29472
v -0.71857 3.25486 -0.26795
v -0.72635 3.14444 -0.29472
v -0.75670 3.06259 -0.36785
v -0.80148 3.03124 -0.46775
v -1.01327 3.01049 -0.35537
v -1.06484 3.03194 -0.45462
v -1.11208 3.10581 -0.52727
v -1.14235 3.21233 -0.55386
v -1.14753 3.32294 -0.52727
v -1.12623 3.40801 -0.45462
v -1.08416 3.44474 -0.35537
v -1.03260 3.42329 -0.25612
v -0.98535 3.34942 -0.18347
v -0.95508 3.24290 -0.15688
v -0.94990 3.13229 -0.18347
v -0.97120 3.04722 -0.25612
v -1.01327 3.01049 -0.35537
v -1.22152 2.96424 -0.23910
v -1.27625 2.97902 -0.33787
v -1.33278 3.04643 -0.41017
v -1.37597 3.14843 -0.43664
v -1.39424 3.25768 -0.41017
v -1.38270 3.34490 -0.33787
v -1.34444 3.38673 -0.23910
v -1.28971 3.37195 -0.14033
v -1.23318 3.30453 -0.06803
v -1.18999 3.20254 -0.04156
v -1.17172 3.09329 -0.06803
v -1.18326 3.00607 -0.14033
v -1.22152 2.96424 -0.23910
v -1.42294 2.89297 -0.12021
v -1.47960 2.90075 -0.21869
v -1.54430 2.96063 -0.29078
v -1.59970 3.05656 -0.31717
v -1.63097 3.16284 -0.29078
v -1.62973 3.25098 -0.21869
v -1.59630 3.29738 -0.12021
v -1.53964 3.28960 -0.02173
v -1.47494 3.22972 0.05036
v -1.41953 3.13379 0.07675
v -1.38826 3.02752 0.05036
v -1.38951 2.93937 -0.02173
v -1.42294 2.89297 -0.12021
v -1.61433 2.79765 -0.00000
v -1.67168 2.79838 -0.09839
v -1.74331 2.84986 -0.17041
v -1.81003 2.93830 -0.19677
v -1.85397 3.04000 -0.17041
v -1.86336 3.12771 -0.09839
v -1.83567 3.17793 -0.00000
v -1.77832 3.17720 0.09839
v -1.70669 3.12572 0.17041
v -1.63997 3.03728 0.19677
v -1.59603 2.93558 0.17041
v -1.58664 2.84787 0.09839
v -1.61433 2.79765 -0.00000
v -1.79269 2.67971 0.12021
v -1.84953 2.67358 0.02172
v -1.92677 2.71604 -0.05038
v -2.00373 2.79573 -0.07678
v -2.05978 2.89128 -0.05038
v -2.07990 2.97711 0.02172
v -2.05870 3.03020 0.12021
v -2.00186 3.03634 0.21870
v -1.92461 2.99387 0.29080
v -1.84766 2.91418 0.31719
v -1.79161 2.81863 0.29080
v -1.77149 2.73281 0.21870
v -1.79269 2.67971 0.12021
v -1.95525 2.54105 0.23910
v -2.01048 2.52848 0.14031
v -2.09200 2.56155 0.06799
v -2.17795 2.63141 0.04152
v -2.24531 2.71933 0.06799
v -2.27603 2.80176 0.14031
v -2.26188 2.85661 0.23910
v -2.20664 2.86919 0.33789
v -2.12512 2.83612 0.41021
v -2.03917 2.76626 0.43668
v -1.97181 2.67834 0.41021
v -1.94109 2.59591 0.33789
v -1.95525 2.54105 0.23910
v -2.09956 2.38394 0.35537
v -2.15224 2.36557 0.25609
v -2.23670 2.38911 0.18341
v -2.33030 2.44827 0.15681
v -2.40797 2.52719 0.18341
v -2.44890 2.60472 0.25609
v -2.44211 2.66010 0.35537
v -2.38944 2.67848 0.45465
v -2.30498 2.65493 0.52732
v -2.21138 2.59578 0.55393
v -2.13371 2.51686 0.52732
v -2.09278 2.43932 0.45465
v -2.09956 2.38394 0.35537
v -2.22358 2.21100 0.46775
v -2.27292 2.18763 0.36780
v -2.35904 2.20174 0.29464
v -2.45887 2.24955 0.26786
v -2.54566 2.31824 0.29464
v -2.59615 2.38942 0.36780
v -2.59682 2.44401 0.46775
v -2.54749 2.46738 0.56769
v -2.46136 2.45327 0.64085
v -2.36153 2.40546 0.66763
v -2.27475 2.33677 0.64085
v -2.22425 2.26559 0.56769
v -2.22358 2.21100 0.46775
v -2.32567 2.02512 0.57500
v -2.37109 1.99770 0.47423
v -2.45771 2.00268 0.40047
v -2.56231 2.03871 0.37347
v -2.65687 2.09614 0.40047
v -2.71605 2.15959 0.47423
v -2.72399 2.21205 0.57500
v -2.67856 2.23946 0.67577
v -2.59195 2.23449 0.74953
v -2.48734 2.19845 0.77653
v -2.39279 2.14102 0.74953
v -2.33361 2.07758 0.67577
v -2.32567 2.02512 0.57500
v -2.40465 1.82939 0.67595
v -2.44582 1.79897 0.57422
v -2.53189 1.79529 0.49975
v -2.63982 1.81934 0.47250
v -2.74067 1.86467 0.49975
v -2.80742 1.91913 0.57422
v -2.82220 1.96814 0.67595
v -2.78103 1.99856 0.77768
v -2.69495 2.00224 0.85215
v -2.58703 1.97819 0.87941
v -2.48618 1.93286 0.85215
v -2.41942 1.87839 0.77768
v -2.40465 1.82939 0.67595
v -2.45985 1.62703 0.76950
v -2.49665 1.59469 0.66670
v -2.58132 1.58299 0.59144
v -2.69116 1.59505 0.56389
v -2.79674 1.62765 0.59144
v -2.86977 1.67205 0.66670
v -2.89069 1.71635 0.76950
v -2.85388 1.74869 0.87230
v -2.76921 1.76040 0.94756
v -2.65938 1.74833 0.97511
v -2.55380 1.71573 0.94756
v -2.48076 1.67133 0.87230
v -2.45985 1.62703 0.76950
v -2.49109 1.42131 0.85462
v -2.52368 1.38814 0.75066
v -2.60624 1.36914 0.67456
v -2.71666 1.36941 0.64671
v -2.82535 1.38887 0.67456
v -2.90319 1.42232 0.75066
v -2.92932 1.46078 0.85462
v -2.89674 1.49395 0.95857
v -2.81418 1.51295 1.03467
v -2.70376 1.51268 1.06253
v -2.59506 1.49321 1.03467
v -2.51722 1.45977 0.95857
v -2.49109 1.42131 0.85462
v -2.49873 1.21545 0.93037
v -2.52746 1.18247 0.82522
v -2.60742 1.15698 0.74825
v -2.71719 1.14582 0.72008
v -2.82736 1.15197 0.74825
v -2.90841 1.17378 0.82522
v -2.93861 1.20541 0.93037
v -2.90988 1.23839 1.03552
v -2.82992 1.26387 1.11249
v -2.72014 1.27504 1.14066
v -2.60997 1.26889 1.11249
v -2.52893 1.24708 1.03552
v -2.49873 1.21545 0.93037
v -2.48357 1.01254 0.99593
v -2.50904 0.98070 0.88960
v -2.58611 0.94956 0.81176
v -2.69413 0.92746 0.78327
v -2.80416 0.92033 0.81176
v -2.88671 0.93007 0.88960
v -2.91967 0.95407 0.99593
v -2.89420 0.98591 1.10226
v -2.81712 1.01705 1.18010
v -2.70910 1.03915 1.20859
v -2.59908 1.04629 1.18010
v -2.51652 1.03655 1.10226
v -2.48357 1.01254 0.99593
v -2.44691 0.81549 1.05058
v -2.46990 0.78560 0.94312
v -2.54398 0.74963 0.86446
v -2.64928 0.71721 0.83567
v -2.75760 0.69703 0.86446
v -2.83991 0.69450 0.94312
v -2.87415 0.71030 1.05058
v -2.85115 0.74019 1.15803
v -2.77708 0.77616 1.23669
v -2.67178 0.80858 1.26549
v -2.56346 0.82876 1.23669
v -2.48115 0.83128 1.15803
v -2.44691 0.81549 1.05058
v -2.39045 0.62689 1.09371
v -2.41193 0.59960 0.98526
v -2.48308 0.55958 0.90586
v -2.58485 0.51755 0.87680
v -2.68997 0.48477 0.90586
v -2.77027 0.47002 0.98526
v -2.80423 0.47727 1.09371
v -2.78276 0.50456 1.20217
v -2.71160 0.54459 1.28157
v -2.60983 0.58662 1.31063
v -2.50471 0.61940 1.28157
v -2.42442 0.63414 1.20217
v -2.39045 0.62689 1.09371
v -2.31627 0.44903 1.12487
v -2.33730 0.42479 1.01560
v -2.40578 0.38142 0.93561
v -2.50336 0.33053 0.90634
v -2.60390 0.28577 0.93561
v -2.68045 0.25912 1.01560
v -2.71251 0.25772 1.12487
v -2.69148 0.28196 1.23414
v -2.62300 0.32533 1.31412
v -2.52542 0.37622 1.34340
v -2.42488 0.42098 1.31412
v -2.34833 0.44763 1.23414
v -2.31627 0.44903 1.12487
v -2.22672 0.28375 1.14370
v -2.24846 0.26282 1.03389
v -2.31464 0.21670 0.95351
v -2.40753 0.15776 0.92408
v -2.50224 0.10178 0.95351
v -2.57339 0.06377 1.03389
v -2.60191 0.05390 1.14370
v -2.58017 0.07483 1.25351
v -2.51398 0.12095 1.33389
v -2.42109 0.17989 1.36332
v -2.32639 0.23587 1.33389
v -2.25524 0.27389 1.25351
v -2.22672 0.28375 1.14370
v -2.12436 0.13248 1.15000
v -2.14801 0.11489 1.04000
v -2.21239 0.06651 0.95947
v -2.30024 0.00032 0.93000
v -2.38803 -0.06596 0.95947
v -2.45223 -0.11457 1.04000
v -2.47564 -0.13248 1.15000
v -2.45199 -0.11489 1.26000
v -2.38761 -0.06651 1.34053
v -2.29976 -0.00032 1.37000
v -2.21197 0.06596 1.34053
v -2.14777 0.11457 1.26000
v -2.12436 0.13248 1.15000
v -2.01190 -0.00384 1.14370
v -2.03863 -0.01827 1.03395
v -2.10176 -0.06855 0.95360
v -2.18438 -0.14120 0.92419
v -2.26435 -0.21676 0.95360
v -2.32023 -0.27498 1.03395
v -2.33706 -0.30027 1.14370
v -2.31033 -0.28584 1.25345
v -2.24720 -0.23556 1.33380
v -2.16458 -0.16291 1.36321
v -2.08462 -0.08735 1.33380
v -2.02873 -0.02913 1.25345
v -2.01190 -0.00384 1.14370
v -1.89207 -0.12475 1.12487
v -1.92298 -0.13639 1.01588
v -1.98547 -0.18833 0.93610
v -2.06280 -0.26667 0.90690
v -2.13424 -0.35041 0.93610
v -2.18066 -0.41710 1.01588
v -2.18962 -0.44889 1.12487
v -2.15871 -0.43726 1.23386
v -2.09622 -0.38531 1.31364
v -2.01889 -0.30697 1.34284
v -1.94745 -0.22324 1.31364
v -1.90103 -0.15654 1.23386
v -1.89207 -0.12475 1.12487
v -1.76756 -0.23027 1.09371
v -1.80362 -0.23965 0.98610
v -1.86607 -0.29315 0.90732
v -1.93819 -0.37643 0.87849
v -2.00065 -0.46719 0.90732
v -2.03671 -0.54109 0.98610
v -2.03671 -0.57835 1.09371
v -2.00066 -0.56897 1.20133
v -1.93820 -0.51547 1.28011
v -1.86608 -0.43219 1.30894
v -1.80363 -0.34143 1.28011
v -1.76756 -0.26753 1.20133
v -1.76756 -0.23027 1.09371
v -1.64088 -0.32090 1.05058
v -1.68288 -0.32866 0.94501
v -1.74588 -0.38368 0.86773
v -1.81301 -0.47121 0.83944
v -1.86627 -0.56781 0.86773
v -1.89140 -0.64759 0.94501
v -1.88166 -0.68917 1.05058
v -1.83967 -0.68142 1.15615
v -1.77667 -0.62640 1.23343
v -1.70954 -0.53886 1.26172
v -1.65628 -0.44226 1.23343
v -1.63115 -0.36248 1.15615
v -1.64088 -0.32090 1.05058
v -1.51434 -0.39755 0.99593
v -1.56285 -0.40437 0.89312
v -1.62693 -0.46092 0.81786
v -1.68942 -0.55206 0.79032
v -1.73356 -0.65335 0.81786
v -1.74754 -0.73767 0.89312
v -1.72760 -0.78242 0.99593
v -1.67909 -0.77560 1.09874
v -1.61501 -0.71905 1.17399
v -1.55252 -0.62791 1.20154
v -1.50838 -0.52662 1.17399
v -1.49440 -0.44230 1.09874
v -1.51434 -0.39755 0.99593
v -1.38988 -0.46154 0.93037
v -1.44524 -0.46804 0.83106
v -1.51089 -0.52613 0.75836
v -1.56923 -0.62023 0.73175
v -1.60465 -0.72515 0.75836
v -1.60764 -0.81275 0.83106
v -1.57740 -0.85958 0.93037
v -1.52204 -0.85308 1.02968
v -1.45640 -0.79499 1.10237
v -1.39805 -0.70088 1.12898
v -1.36263 -0.59597 1.10237
v -1.35964 -0.50837 1.02968
v -1.38988 -0.46154 0.93037
v -1.26906 -0.51450 0.85462
v -1.33135 -0.52115 0.75952
v -1.39900 -0.58070 0.68990
v -1.45389 -0.67717 0.66442
v -1.48130 -0.78473 0.68990
v -1.47389 -0.87454 0.75952
v -1.43364 -0.92256 0.85462
v -1.37135 -0.91590 0.94972
v -1.30370 -0.85636 1.01933
v -1.24881 -0.75988 1.04482
v -1.22141 -0.65233 1.01933
v -1.22882 -0.56251 0.94972
v -1.26906 -0.51450 0.85462
v -1.15295 -0.55833 0.76950
v -1.22203 -0.56534 0.67924
v -1.29211 -0.62610 0.61316
v -1.34441 -0.72433 0.58897
v -1.36491 -0.83371 0.61316
v -1.34813 -0.92492 0.67924
v -1.29856 -0.97354 0.76950
v -1.22948 -0.96653 0.85976
v -1.15940 -0.90577 0.92584
v -1.10710 -0.80754 0.95003
v -1.08660 -0.69817 0.92584
v -1.10338 -0.60695 0.85976
v -1.15295 -0.55833 0.76950
v -1.04210 -0.59517 0.67595
v -1.11760 -0.60233 0.59101
v -1.19055 -0.66382 0.52882
v -1.24140 -0.76314 0.50606
v -1.25651 -0.87370 0.52882
v -1.23185 -0.96586 0.59101
v -1.17401 -1.01493 0.67595
v -1.09850 -1.00776 0.76090
v -1.02556 -0.94628 0.82308
v -0.97471 -0.84695 0.84585
v -0.95960 -0.73640 0.82308
v -0.98426 -0.64424 0.76090
v -1.04210 -0.59517 0.67595
v -0.93646 -0.62731 0.57500
v -1.01786 -0.63393 0.49563
v -1.09419 -0.69529 0.43753
v -1.14502 -0.79496 0.41626
v -1.15671 -0.90622 0.43753
v -1.12613 -0.99927 0.49563
v -1.06149 -1.04917 0.57500
v -0.98009 -1.04255 0.65437
v -0.90376 -0.98119 0.71247
v -0.85294 -0.88152 0.73374
v -0.84125 -0.77026 0.71247
v -0.87182 -0.67721 0.65437
v -0.93646 -0.62731 0.57500
v -0.83552 -0.65721 0.46775
v -0.92207 -0.66200 0.39390
v -1.00238 -0.72197 0.33984
v -1.05493 -0.82105 0.32005
v -1.06563 -0.93269 0.33984
v -1.03161 -1.02697 0.39390
v -0.96200 -1.07864 0.46775
v -0.87545 -1.07384 0.54160
v -0.79514 -1.01387 0.59566
v -0.74259 -0.91479 0.61545
v -0.73189 -0.80316 0.59566
v -0.76591 -0.70887 0.54160
v -0.83552 -0.65721 0.46775
v -0.73837 -0.68748 0.35537
v -0.82912 -0.68863 0.28659
v -0.91399 -0.74547 0.23623
v -0.97023 -0.84276 0.21780
v -0.98278 -0.95443 0.23623
v -0.94828 -1.05057 0.28659
v -0.87596 -1.10541 0.35537
v -0.78520 -1.10426 0.42415
v -0.70034 -1.04742 0.47451
v -0.64409 -0.95013 0.49294
v -0.63154 -0.83845 0.47451
v -0.66605 -0.74232 0.42415
v -0.73837 -0.68748 0.35537
v -0.64418 -0.72081 0.23910
v -0.73781 -0.71622 0.17445
v -0.82761 -0.76784 0.12712
v -0.88951 -0.86185 0.10980
v -0.90692 -0.97305 0.12712
v -0.87518 -1.07165 0.17445
v -0.80279 -1.13122 0.23910
v -0.70915 -1.13581 0.30375
v -0.61935 -1.08419 0.35108
v -0.55746 -0.99018 0.36840
v -0.54005 -0.87898 0.35108
v -0.57179 -0.78038 0.30375
v -0.64418 -0.72081 0.23910
v -0.55268 -0.75967 0.12021
v -0.64747 -0.74752 0.05827
v -0.74203 -0.79193 0.01293
v -0.81101 -0.88101 -0.00366
v -0.83594 -0.99088 0.01293
v -0.81013 -1.09211 0.05827
v -0.74051 -1.15757 0.12021
v -0.64571 -1.16972 0.18214
v -0.55116 -1.12530 0.22748
v -0.48218 -1.03623 0.24408
v -0.45725 -0.92635 0.22748
v -0.48306 -0.82513 0.18214
v -0.55268 -0.75967 0.12021
v -0.46452 -0.80568 0.00000
v -0.55847 -0.78521 -0.06102
v -0.65685 -0.82120 -0.10569
v -0.73330 -0.90401 -0.12204
v -0.76733 -1.01145 -0.10569
v -0.74982 -1.11473 -0.06102
v -0.68548 -1.18618 0.00000
v -0.59153 -1.20665 0.06102
v -0.49315 -1.17066 0.10569
v -0.41670 -1.08785 0.12204
v -0.38267 -0.98041 0.10569
v -0.40018 -0.87713 0.06102
v -0.46452 -0.80568 0.00000
v -0.38072 -0.85905 -0.12021
v -0.47203 -0.83110 -0.18225
v -0.57269 -0.85894 -0.22767
v -0.65571 -0.93509 -0.24430
v -0.69886 -1.03916 -0.22767
v -0.69057 -1.14326 -0.18225
v -0.63306 -1.21950 -0.12021
v -0.54174 -1.24745 -0.05816
v -0.44109 -1.21961 -0.01274
v -0.35807 -1.14346 0.00388
v -0.31492 -1.03939 -0.01274
v -0.32321 -0.93529 -0.05816
v -0.38072 -0.85905 -0.12021
v -0.30154 -0.91877 -0.23910
v -0.38910 -0.88565 -0.30395
v -0.49035 -0.90717 -0.35143
v -0.57817 -0.97756 -0.36880
v -0.62902 -1.07796 -0.35143
v -0.62928 -1.18147 -0.30395
v -0.57888 -1.26036 -0.23910
v -0.49132 -1.29348 -0.17425
v -0.39007 -1.27196 -0.12677
v -0.30226 -1.20157 -0.10939
v -0.25141 -1.10116 -0.12677
v -0.25114 -0.99765 -0.17425
v -0.30154 -0.91877 -0.23910
v -0.22583 -0.98350 -0.35537
v -0.30925 -0.94825 -0.42442
v -0.40968 -0.96633 -0.47497
v -0.50022 -1.03288 -0.49348
v -0.55661 -1.13007 -0.47497
v -0.56374 -1.23187 -0.42442
v -0.51969 -1.31099 -0.35537
v -0.43628 -1.34624 -0.28632
v -0.33585 -1.32816 -0.23576
v -0.24530 -1.26162 -0.21726
v -0.18892 -1.16442 -0.23576
v -0.18179 -1.06262 -0.28632
v -0.22583 -0.98350 -0.35537
v -0.15127 -1.05230 -0.46775
v -0.23059 -1.01798 -0.54191
v -0.32911 -1.03573 -0.59619
v -0.42044 -1.10079 -0.61606
v -0.48010 -1.19574 -0.59619
v -0.49211 -1.29512 -0.54191
v -0.45325 -1.37232 -0.46775
v -0.37393 -1.40664 -0.39359
v -0.27541 -1.38889 -0.33930
v -0.18408 -1.32383 -0.31943
v -0.12442 -1.22888 -0.33930
v -0.11241 -1.12950 -0.39359
v -0.15127 -1.05230 -0.46775
v -0.07510 -1.12459 -0.57500
v -0.15041 -1.09382 -0.65469
v -0.24609 -1.11408 -0.71303
v -0.33651 -1.17994 -0.73439
v -0.39744 -1.27375 -0.71303
v -0.41255 -1.37038 -0.65469
v -0.37780 -1.44393 -0.57500
v -0.30249 -1.47470 -0.49531
v -0.20681 -1.45444 -0.43697
v -0.11639 -1.38858 -0.41561
v -0.05546 -1.29477 -0.43697
v -0.04035 -1.19814 -0.49531
v -0.07510 -1.12459 -0.57500
v 0.00538 -1.19985 -0.67595
v -0.06579 -1.17466 -0.76121
v -0.15769 -1.19971 -0.82363
v -0.24570 -1.26827 -0.84647
v -0.30624 -1.36198 -0.82363
v -0.32308 -1.45574 -0.76121
v -0.29171 -1.52441 -0.67595
v -0.22054 -1.54959 -0.59069
v -0.12864 -1.52455 -0.52828
v -0.04063 -1.45598 -0.50543
v 0.01990 -1.36227 -0.52828
v 0.03675 -1.26852 -0.59069
v 0.00538 -1.19985 -0.67595
v 0.09256 -1.27732 -0.76950
v 0.02595 -1.25913 -0.86006
v -0.06113 -1.29060 -0.92635
v -0.14535 -1.36332 -0.95061
v -0.20414 -1.45779 -0.92635
v -0.22174 -1.54869 -0.86006
v -0.19345 -1.61168 -0.76950
v -0.12684 -1.62988 -0.67894
v -0.03975 -1.59840 -0.61265
v 0.04447 -1.52569 -0.58839
v 0.10325 -1.43122 -0.61265
v 0.12086 -1.34031 -0.67894
v 0.09256 -1.27732 -0.76950
v 0.18844 -1.35588 -0.85462
v 0.12706 -1.34550 -0.94998
v 0.04595 -1.38443 -1.01978
v -0.03317 -1.46226 -1.04533
v -0.08908 -1.55812 -1.01978
v -0.10682 -1.64633 -0.94998
v -0.08162 -1.70325 -0.85462
v -0.02024 -1.71364 -0.75926
v 0.06088 -1.67470 -0.68945
v 0.13999 -1.59688 -0.66390
v 0.19591 -1.50102 -0.68945
v 0.21364 -1.41281 -0.75926
v 0.18844 -1.35588 -0.85462
v 0.29459 -1.43400 -0.93037
v 0.23930 -1.43169 -1.02990
v 0.16537 -1.47854 -1.10276
v 0.09262 -1.56199 -1.12942
v 0.04053 -1.65969 -1.10276
v 0.02308 -1.74545 -1.02990
v 0.04493 -1.79630 -0.93037
v 0.10022 -1.79861 -0.83084
v 0.17415 -1.75176 -0.75798
v 0.24690 -1.66831 -0.73131
v 0.29898 -1.57061 -0.75798
v 0.31644 -1.48485 -0.83084
v 0.29459 -1.43400 -0.93037
v 0.41212 -1.50978 -0.99593
v 0.36383 -1.51532 -1.09891
v 0.29831 -1.57003 -1.17430
v 0.23312 -1.65923 -1.20190
v 0.18573 -1.75904 -1.17430
v 0.16884 -1.84270 -1.09891
v 0.18696 -1.88781 -0.99593
v 0.23526 -1.88226 -0.89294
v 0.30078 -1.82756 -0.81756
v 0.36596 -1.73835 -0.78996
v 0.41335 -1.63855 -0.81756
v 0.43025 -1.55488 -0.89294
v 0.41212 -1.50978 -0.99593
v 0.54167 -1.58107 -1.05058
v 0.50127 -1.59381 -1.15628
v 0.44532 -1.65587 -1.23367
v 0.38882 -1.75060 -1.26199
v 0.34691 -1.85263 -1.23367
v 0.33082 -1.93461 -1.15628
v 0.34485 -1.97459 -1.05058
v 0.38526 -1.96184 -0.94487
v 0.44120 -1.89979 -0.86749
v 0.49770 -1.80506 -0.83917
v 0.53961 -1.70303 -0.86749
v 0.55571 -1.62104 -0.94487
v 0.54167 -1.58107 -1.05058
v 0.68340 -1.64550 -1.09371
v 0.65165 -1.66445 -1.20143
v 0.60631 -1.73298 -1.28027
v 0.55953 -1.83271 -1.30914
v 0.52383 -1.93693 -1.28027
v 0.50880 -2.01771 -1.20143
v 0.51845 -2.05341 -1.09371
v 0.55020 -2.03445 -0.98600
v 0.59554 -1.96593 -0.90716
v 0.64232 -1.86619 -0.87829
v 0.67801 -1.76197 -0.90716
v 0.69305 -1.68119 -0.98600
v 0.68340 -1.64550 -1.09371
v 0.83695 -1.70063 -1.12487
v 0.81444 -1.72453 -1.23392
v 0.78056 -1.79834 -1.31374
v 0.74440 -1.90230 -1.34296
v 0.71564 -2.00854 -1.31374
v 0.70198 -2.08861 -1.23392
v 0.70710 -2.12104 -1.12487
v 0.72961 -2.09714 -1.01582
v 0.76349 -2.02333 -0.93600
v 0.79966 -1.91937 -0.90678
v 0.82842 -1.81312 -0.93600
v 0.84207 -1.73306 -1.01582
v 0.83695 -1.70063 -1.12487
v 1.00150 -1.74403 -1.14370
v 0.98857 -1.77141 -1.25348
v 0.96680 -1.84910 -1.33385
v 0.94201 -1.95629 -1.36326
v 0.92086 -2.06425 -1.33385
v 0.90900 -2.14406 -1.25348
v 0.90962 -2.17433 -1.14370
v 0.92254 -2.14696 -1.03392
v 0.94432 -2.06926 -0.95355
v 0.96910 -1.96208 -0.92414
v 0.99026 -1.85411 -0.95355
v 1.00212 -1.77431 -1.03392
v 1.00150 -1.74403 -1.14370
v 1.17572 -1.77337 -1.15000
v 1.17247 -1.80266 -1.26000
v 1.16320 -1.88265 -1.34053
v 1.15039 -1.99190 -1.37000
v 1.13748 -2.10114 -1.34053
v 1.12792 -2.18110 -1.26000
v 1.12428 -2.21035 -1.15000
v 1.12753 -2.18105 -1.04000
v 1.13680 -2.10106 -0.95947
v 1.14961 -1.99181 -0.93000
v 1.16252 -1.88257 -0.95947
v 1.17208 -1.80262 -1.04000
v 1.17572 -1.77337 -1.15000
v 1.35785 -1.78649 -1.14370
v 1.36411 -1.81610 -1.25349
v 1.36748 -1.89671 -1.33386
v 1.36708 -2.00672 -1.36327
v 1.36299 -2.11666 -1.33386
v 1.35633 -2.19707 -1.25349
v 1.34887 -2.22640 -1.14370
v 1.34262 -2.19679 -1.03391
v 1.33924 -2.11618 -0.95355
v 1.33965 -2.00616 -0.92413
v 1.34373 -1.89622 -0.95355
v 1.35039 -1.81582 -1.03391
v 1.35785 -1.78649 -1.14370
v 1.54573 -1.78153 -1.12487
v 1.56105 -1.80988 -1.23410
v 1.57696 -1.88939 -1.31406
v 1.58919 -1.99877 -1.34332
v 1.59446 -2.10869 -1.31406
v 1.59136 -2.18972 -1.23410
v 1.58072 -2.22014 -1.12487
v 1.56540 -2.19179 -1.01564
v 1.54949 -2.11228 -0.93568
v 1.53726 -2.00291 -0.90642
v 1.53199 -1.89298 -0.93568
v 1.53509 -1.81195 -1.01564
v 1.54573 -1.78153 -1.12487
v 1.73684 -1.75698 -1.09371
v 1.76055 -1.78258 -1.20212
v 1.78862 -1.85928 -1.28148
v 1.81351 -1.96654 -1.31052
v 1.82857 -2.07562 -1.28148
v 1.82975 -2.15729 -1.20212
v 1.81674 -2.18967 -1.09371
v 1.79302 -2.16407 -0.98531
v 1.76496 -2.08737 -0.90595
v 1.74007 -1.98011 -0.87691
v 1.72501 -1.87103 -0.90595
v 1.72383 -1.78936 -0.98531
v 1.73684 -1.75698 -1.09371
v 1.92839 -1.71172 -1.05058
v 1.95960 -1.73321 -1.15797
v 1.99920 -1.80546 -1.23659
v 2.03659 -1.90910 -1.26536
v 2.06176 -2.01637 -1.23659
v 2.06795 -2.09853 -1.15797
v 2.05351 -2.13356 -1.05058
v 2.02230 -2.11207 -0.94318
v 1.98270 -2.03982 -0.86457
v 1.94531 -1.93618 -0.83579
v 1.92014 -1.82890 -0.86457
v 1.91395 -1.74675 -0.94318
v 1.92839 -1.71172 -1.05058
v 2.11740 -1.64509 -0.99593
v 2.15500 -1.66130 -1.10219
v 2.20530 -1.72754 -1.17998
v 2.25481 -1.82606 -1.20846
v 2.29028 -1.93046 -1.17998
v 2.30219 -2.01277 -1.10219
v 2.28736 -2.05094 -0.99593
v 2.24976 -2.03473 -0.88966
v 2.19946 -1.96849 -0.81187
v 2.14994 -1.86997 -0.78340
v 2.11448 -1.76557 -0.81187
v 2.10257 -1.68325 -0.88966
v 2.11740 -1.64509 -0.99593
v 2.30074 -1.55692 -0.93037
v 2.34349 -1.56688 -1.03545
v 2.40343 -1.62570 -1.11237
v 2.46448 -1.71762 -1.14053
v 2.51028 -1.81800 -1.11237
v 2.52858 -1.89996 -1.03545
v 2.51445 -1.94153 -0.93037
v 2.47170 -1.93157 -0.82529
v 2.41177 -1.87275 -0.74837
v 2.35072 -1.78083 -0.72021
v 2.30491 -1.68044 -0.74837
v 2.28662 -1.59848 -0.82529
v 2.30074 -1.55692 -0.93037
v 2.47527 -1.44753 -0.85462
v 2.52182 -1.45051 -0.95850
v 2.59015 -1.50067 -1.03456
v 2.66194 -1.58457 -1.06239
v 2.71796 -1.67973 -1.03456
v 2.74320 -1.76065 -0.95850
v 2.73090 -1.80565 -0.85462
v 2.68435 -1.80267 -0.75073
v 2.61602 -1.75250 -0.67468
v 2.54423 -1.66860 -0.64684
v 2.48820 -1.57344 -0.67468
v 2.46296 -1.49252 -0.75073
v 2.47527 -1.44753 -0.85462
v 2.63789 -1.31775 -0.76950
v 2.68681 -1.31327 -0.87224
v 2.76214 -1.35374 -0.94745
v 2.84369 -1.42831 -0.97498
v 2.90961 -1.51700 -0.94745
v 2.94224 -1.59604 -0.87224
v 2.93283 -1.64426 -0.76950
v 2.88391 -1.64873 -0.66676
v 2.80858 -1.60826 -0.59155
v 2.72703 -1.53370 -0.56402
v 2.66111 -1.44501 -0.59155
v 2.62848 -1.36597 -0.66676
v 2.63789 -1.31775 -0.76950
v 2.78564 -1.16890 -0.67595
v 2.83548 -1.15675 -0.77762
v 2.91630 -1.18671 -0.85205
v 3.00644 -1.25075 -0.87929
v 3.08175 -1.33172 -0.85205
v 3.12205 -1.40791 -0.77762
v 3.11654 -1.45892 -0.67595
v 3.06669 -1.47107 -0.57428
v 2.98588 -1.44111 -0.49985
v 2.89574 -1.37706 -0.47261
v 2.82043 -1.29610 -0.49985
v 2.78013 -1.21991 -0.57428
v 2.78564 -1.16890 -0.67595
v 2.91579 -1.00276 -0.57500
v 2.96512 -0.98298 -0.67572
v 3.04983 -1.00186 -0.74944
v 3.14723 -1.05434 -0.77643
v 3.23121 -1.12637 -0.74944
v 3.27927 -1.19864 -0.67572
v 3.27853 -1.25179 -0.57500
v 3.22920 -1.27157 -0.47428
v 3.14449 -1.25269 -0.40056
v 3.04709 -1.20021 -0.37357
v 2.96311 -1.12818 -0.40056
v 2.91505 -1.05591 -0.47428
v 2.91579 -1.00276 -0.57500
v 3.02587 -0.82152 -0.46775
v 3.07334 -0.79439 -0.56765
v 3.16031 -0.80187 -0.64078
v 3.26349 -0.84196 -0.66755
v 3.35522 -0.90390 -0.64078
v 3.41093 -0.97111 -0.56765
v 3.41569 -1.02557 -0.46775
v 3.36823 -1.05270 -0.36785
v 3.28125 -1.04521 -0.29472
v 3.17807 -1.00513 -0.26795
v 3.08634 -0.94319 -0.29472
v 3.03063 -0.87598 -0.36785
v 3.02587 -0.82152 -0.46775
v 3.11379 -0.62773 -0.35537
v 3.15815 -0.59379 -0.45462
v 3.24576 -0.58981 -0.52727
v 3.35313 -0.61686 -0.55386
v 3.45151 -0.66768 -0.52727
v 3.51454 -0.72866 -0.45462
v 3.52531 -0.78346 -0.35537
v 3.48096 -0.81739 -0.25612
v 3.39335 -0.82137 -0.18347
v 3.28597 -0.79433 -0.15688
v 3.18759 -0.74351 -0.18347
v 3.12457 -0.68253 -0.25612
v 3.11379 -0.62773 -0.35537
v 3.17787 -0.42425 -0.23910
v 3.21803 -0.38424 -0.33787
v 3.30468 -0.36899 -0.41017
v 3.41460 -0.38259 -0.43664
v 3.51835 -0.42139 -0.41017
v 3.58811 -0.47500 -0.33787
v 3.60521 -0.52905 -0.23910
v 3.56505 -0.56906 -0.14033
v 3.47840 -0.58431 -0.06803
v 3.36847 -0.57071 -0.04156
v 3.26473 -0.53191 -0.06803
v 3.19496 -0.47830 -0.14033
v 3.17787 -0.42425 -0.23910
v 3.21686 -0.21418 -0.12021
v 3.25192 -0.16901 -0.21869
v 3.33613 -0.14292 -0.29078
v 3.44691 -0.14290 -0.31717
v 3.55458 -0.16895 -0.29078
v 3.63030 -0.21411 -0.21869
v 3.65377 -0.26626 -0.12021
v 3.61870 -0.31143 -0.02173
v 3.53449 -0.33752 0.05036
v 3.42371 -0.33755 0.07675
v 3.31604 -0.31149 0.05036
v 3.24032 -0.26633 -0.02173
v 3.21686 -0.21418 -0.12021
v 3.23000 -0.00077 -0.00000
v 3.25930 0.04853 -0.09839
v 3.33970 0.08482 -0.17041
v 3.44966 0.09839 -0.19677
v 3.55970 0.08559 -0.17041
v 3.64035 0.04986 -0.09839
v 3.67000 0.00077 -0.00000
v 3.64070 -0.04853 0.09839
v 3.56030 -0.08482 0.17041
v 3.45034 -0.09839 0.19677
v 3.34030 -0.08559 0.17041
v 3.25965 -0.04986 0.09839
v 3.23000 -0.00077 -0.00000
f 1 14 2
f 2 14 15
f 2 15 3
f 3 15 16
f 3 16 4
f 4 16 17
f 4 17 5
f 5 17 18
f 5 18 6
f 6 18 19
f 6 19 7
f 7 19 20
f 7 20 8
f 8 20 21
f 8 21 9
f 9 21 22
f 9 22 10
f 10 22 23
f 10 23 11
f 11 23 24
f 11 24 12
f 12 24 25
f 12 25 13
f 13 25 26
f 14 27 15
f 15 27 28
f 15 28 16
f 16 28 29
f 16 29 17
f 17 29 30
f 17 30 18
f 18 30 31
f 18 31 19
f 19 31 32
f 19 32 20
f 20 32 33
f 20 33 21
f 21 33 34
f 21 34 22
f 22 34 35
f 22 35 23
f 23 35 36
f 23 36 24
f 24 36 37
f 24 37 25
f 25 37 38
f 25 38 26
f 26 38 39
f 27 40 28
f 28 40 41
f 28 41 29
f 29 41 42
f 29 42 30
f 30 42 43
f 30 43 31
f 31 43 44
f 31 44 32
f 32 44 45
f 32 45 33
f 33 45 46
f 33 46 34
f 34 46 47
f 34 47 35
f 35 47 48
f 35 48 36
f 36 48 49
f 36 49 37
f 37 49 50
f 37 50 38
f 38 50 51
f 38 51 39
f 39 51 52
f 40 53 41
f 41 53 54
f 41 54 42
f 42 54 55
f 42 55 43
f 43 55 56
f 43 56 44
f 44 56 57
f 44 57 45
f 45 57 58
f 45 58 46
f 46 58 59
f 46 59 47
f 47 59 60
f 47 60 48
f 48 60 61
f 48 61 49
f 49 61 62
f 49 62 50
f 50 62 63
f 50 63 51
f 51 63 64
f 51 64 52
f 52 64 65
f 53 66 54
f 54 66 67
f 54 67 55
f 55 67 68
f 55 68 56
f 56 68 69
f 56 69 57
f 57 69 70
f 57 70 58
f 58 70 71
f 58 71 59
f 59 71 72
f 59 72 60
f 60 72 73
f 60 73 61
f 61 73 74
f 61 74 62
f 62 74 75
f 62 75 63
f 63 75 76
f 63 76 64
f 64 76 77
f 64 77 65
f 65 77 78
f 66 79 67
f 67 79 80
f 67 80 68
f 68 80 81
f 68 81 69
f 69 81 82
f 69 82 70
f 70 82 83
f 70 83 71
f 71 83 84
f 71 84 72
f 72 84 85
f 72 85 73
f 73 85 86
f 73 86 74
f 74 86 87
f 74 87 75
f 75 87 88
f 75 88 76
f 76 88 89
f 76 89 77
f 77 89 90
f 77 90 78
f 78 90 91
f 79 92 80
f 80 92 93
f 80 93 81
f 81 93 94
f 81 94 82
f 82 94 95
f 82 95 83
f 83 95 96
f 83 96 84
f 84 96 97
f 84 97 85
f 85 97 98
f 85 98 86
f 86 98 99
f 86 99 87
f 87 99 100
f 87 100 88
f 88 100 101
f 88 101 89
f 89 101 102
f 89 102 90
f 90 102 103
f 90 103 91
f 91 103 104
f 92 105 93
f 93 105 106
f 93 106 94
f 94 106 107
f 94 107 95
f 95 107 108
f 95 108 96
f 96 108 109
f 96 109 97
f 97 109 110
f 97 110 98
f 98 110 111
f 98 111 99
f 99 111 112
f 99 112 100
f 100 112 113
f 100 113 101
f 101 113 114
f 101 114 102
f 102 114 115
f 102 115 103
f 103 115 116
f 103 116 104
f 104 116 117
f 105 118 106
f 106 118 119
f 106 119 107
f 107 119 120
f 107 120 108
f 108 120 121
f 108 121 109
f 109 121 122
f 109 122 110
f 110 122 123
f 110 123 111
f 111 123 124
f 111 124 112
f 112 124 125
f 112 125 113
f 113 125 126
f 113 126 114
f 114 126 127
f 114 127 115
f 115 127 128
f 115 128 116
f 116 128 129
f 116 129 117
f 117 129 130
f 118 131 119
f 119 131 132
f 119 132 120
f 120 132 133
f 120 133 121
f 121 133 134
f 121 134 122
f 122 134 135
f 122 135 123
f 123 135 136
f 123 136 124
f 124 136 137
f 124 137 125
f 125 137 138
f 125 138 126
f 126 138 139
f 126 139 127
f 127 139 140
f 127 140 128
f 128 140 141
f 128 141 129
f 129 141 142
f 129 142 130
f 130 142 143
f 131 144 132
f 132 144 145
f 132 145 133
f 133 145 146
f 133 146 134
f 134 146 147
f 134 147 135
f 135 147 148
f 135 148 136
f 136 148 149
f 136 149 137
f 137 149 150
f 137 150 138
f 138 150 151
f 138 151 139
f 139 151 152
f 139 152 140
f 140 152 153
f 140 153 141
f 141 153 154
f 141 154 142
f 142 154 155
f 142 155 143
f 143 155 156
f 144 157 145
f 145 157 158
f 145 158 146
f 146 158 159
f 146 159 147
f 147 159 160
f 147 160 148
f 148 160 161
f 148 161 149
f 149 161 162
f 149 162 150
f 150 162 163
f 150 163 151
f 151 163 164
f 151 164 152
f 152 164 165
f 152 165 153
f 153 165 166
f 153 166 154
f 154 166 167
f 154 167 155
f 155 167 168
f 155 168 156
f 156 168 169
f 157 170 158
f 158 170 171
f 158 171 159
f 159 171 172
f 159 172 160
f 160 172 173
f 160 173 161
f 161 173 174
f 161 174 162
f 162 174 175
f 162 175 163
f 163 175 176
f 163 176 164
f 164 176 177
f 164 177 165
f 165 177 178
f 165 178 166
f 166 178 179
f 166 179 167
f 167 179 180
f 167 180 168
f 168 180 181
f 168 181 169
f 169 181 182
f 170 183 171
f 171 183 184
f 171 184 172
f 172 184 185
f 172 185 173
f 173 185 186
f 173 186 174
f 174 186 187
f 174 187 175
f 175 187 188
f 175 188 176
f 176 188 189
f 176 189 177
f 177 189 190
f 177 190 178
f 178 190 191
f 178 191 179
f 179 191 192
f 179 192 180
f 180 192 193
f 180 193 181
f 181 193 194
f 181 194 182
f 182 194 195
f 183 196 184
f 184 196 197
f 184 197 185
f 185 197 198
f 185 198 186
f 186 198 199
f 186 199 187
f 187 199 200
f 187 200 188
f 188 200 201
f 188 201 189
f 189 201 202
f 189 202 190
f 190 202 203
f 190 203 191
f 191 203 204
f 191 204 192
f 192 204 205
f 192 205 193
f 193 205 206
f 193 206 194
f 194 206 207
f 194 207 195
f 195 207 208
f 196 209 197
f 197 209 210
f 197 210 198
f 198 210 211
f 198 211 199
f 199 211 212
f 199 212 200
f 200 212 213
f 200 213 201
f 201 213 214
f 201 214 202
f 202 214 215
f 202 215 203
f 203 215 216
f 203 216 204
f 204 216 217
f 204 217 205
f 205 217 218
f 205 218 206
f 206 218 219
f 206 219 207
f 207 219 220
f 207 220 208
f 208 220 221
f 209 222 210
f 210 222 223
f 210 223 211
f 211 223 224
f 211 224 212
f 212 224 225
f 212 225 213
f 213 225 226
f 213 226 214
f 214 226 227
f 214 227 215
f 215 227 228
f 215 228 216
f 216 228 229
f 216 229 217
f 217 229 230
f 217 230 218
f 218 230 231
f 218 231 219
f 219 231 232
f 219 232 220
f 220 232 233
f 220 233 221
f 221 233 234
f 222 235 223
f 223 235 236
f 223 236 224
f 224 236 237
f 224 237 225
f 225 237 238
f 225 238 226
f 226 238 239
f 226 239 227
f 227 239 240
f 227 240 228
f 228 240 241
f 228 241 229
f 229 241 242
f 229 242 230
f 230 242 243
f 230 243 231
f 231 243 244
f 231 244 232
f 232 244 245
f 232 245 233
f 233 245 246
f 233 246 234
f 234 246 247
f 235 248 236
f 236 248 249
f 236 249 237
f 237 249 250
f 237 250 238
f 238 250 251
f 238 251 239
f 239 251 252
f 239 252 240
f 240 252 253
f 240 253 241
f 241 253 254
f 241 254 242
f 242 254 255
f 242 255 243
f 243 255 256
f 243 256 244
f 244 256 257
f 244 257 245
f 245 257 258
f 245 258 246
f 246 258 259
f 246 259 247
f 247 259 260
f 248 261 249
f 249 261 262
f 249 262 250
f 250 262 263
f 250 263 251
f 251 263 264
f 251 264 252
f 252 264 265
f 252 265 253
f 253 265 266
f 253 266 254
f 254 266 267
f 254 267 255
f 255 267 268
f 255 268 256
f 256 268 269
f 256 269 257
f 257 269 270
f 257 270 258
f 258 270 271
f 258 271 259
f 259 271 272
f 259 272 260
f 260 272 273
f 261 274 262
f 262 274 275
f 262 275 263
f 263 275 276
f 263 276 264
f 264 276 277
f 264 277 265
f 265 277 278
f 265 278 266
f 266 278 279
f 266 279 267
f 267 279 280
f 267 280 268
f 268 280 281
f 268 281 269
f 269 281 282
f 269 282 270
f 270 282 283
f 270 283 271
f 271 283 284
f 271 284 272
f 272 284 285
f 272 285 273
f 273 285 286
f 274 287 275
f 275 287 288
f 275 288 276
f 276 288 289
f 276 289 277
f 277 289 290
f 277 290 278
f 278 290 291
f 278 291 279
f 279 291 292
f 279 292 280
f 280 292 293
f 280 293 281
f 281 293 294
f 281 294 282
f 282 294 295
f 282 295 283
f 283 295 296
f 283 296 284
f 284 296 297
f 284 297 285
f 285 297 298
f 285 298 286
f 286 298 299
f 287 300 288
f 288 300 301
f 288 301 289
f 289 301 302
f 289 302 290
f 290 302 303
f 290 303 291
f 291 303 304
f 291 304 292
f 292 304 305
f 292 305 293
f 293 305 306
f 293 306 294
f 294 306 307
f 294 307 295
f 295 307 308
f 295 308 296
f 296 308 309
f 296 309 297
f 297 309 310
f 297 310 298
f 298 310 311
f 298 311 299
f 299 311 312
f 300 313 301
f 301 313 314
f 301 314 302
f 302 314 315
f 302 315 303
f 303 315 316
f 303 316 304
f 304 316 317
f 304 317 305
f 305 317 318
f 305 318 306
f 306 318 319
f 306 319 307
f 307 319 320
f 307 320 308
f 308 320 321
f 308 321 309
f 309 321 322
f 309 322 310
f 310 322 323
f 310 323 311
f 311 323 324
f 311 324 312
f 312 324 325
f 313 326 314
f 314 326 327
f 314 327 315
f 315 327 328
f 315 328 316
f 316 328 329
f 316 329 317
f 317 329 330
f 317 330 318
f 318 330 331
f 318 331 319
f 319 331 332
f 319 332 320
f 320 332 333
f 320 333 321
f 321 333 334
f 321 334 322
f 322 334 335
f 322 335 323
f 323 335 336
f 323 336 324
f 324 336 337
f 324 337 325
f 325 337 338
f 326 339 327
f 327 339 340
f 327 340 328
f 328 340 341
f 328 341 329
f 329 341 342
f 329 342 330
f 330 342 343
f 330 343 331
f 331 343 344
f 331 344 332
f 332 344 345
f 332 345 333
f 333 345 346
f 333 346 334
f 334 346 347
f 334 347 335
f 335 347 348
f 335 348 336
f 336 348 349
f 336 349 337
f 337 349 350
f 337 350 338
f 338 350 351
f 339 352 340
f 340 352 353
f 340 353 341
f 341 353 354
f 341 354 342
f 342 354 355
f 342 355 343
f 343 355 356
f 343 356 344
f 344 356 357
f 344 357 345
f 345 357 358
f 345 358 346
f 346 358 359
f 346 359 347
f 347 359 360
f 347 360 348
f 348 360 361
f 348 361 349
f 349 361 362
f 349 362 350
f 350 362 363
f 350 363 351
f 351 363 364
f 352 365 353
f 353 365 366
f 353 366 354
f 354 366 367
f 354 367 355
f 355 367 368
f 355 368 356
f 356 368 369
f 356 369 357
f 357 369 370
f 357 370 358
f 358 370 371
f 358 371 359
f 359 371 372
f 359 372 360
f 360 372 373
f 360 373 361
f 361 373 374
f 361 374 362
f 362 374 375
f 362 375 363
f 363 375 376
f 363 376 364
f 364 376 377
f 365 378 366
f 366 378 379
f 366 379 367
f 367 379 380
f 367 380 368
f 368 380 381
f 368 381 369
f 369 381 382
f 369 382 370
f 370 382 383
f 370 383 371
f 371 383 384
f 371 384 372
f 372 384 385
f 372 385 373
f 373 385 386
f 373 386 374
f 374 386 387
f 374 387 375
f 375 387 388
f 375 388 376
f 376 388 389
f 376 389 377
f 377 389 390
f 378 391 379
f 379 391 392
f 379 392 380
f 380 392 393
f 380 393 381
f 381 393 394
f 381 394 382
f 382 394 395
f 382 395 383
f 383 395 396
f 383 396 384
f 384 396 397
f 384 397 385
f 385 397 398
f 385 398 386
f 386 398 399
f 386 399 387
f 387 399 400
f 387 400 388
f 388 400 401
f 388 401 389
f 389 401 402
f 389 402 390
f 390 402 403
f 391 404 392
f 392 404 405
f 392 405 393
f 393 405 406
f 393 406 394
f 394 406 407
f 394 407 395
f 395 407 408
f 395 408 396
f 396 408 409
f 396 409 397
f 397 409 410
f 397 410 398
f 398 410 411
f 398 411 399
f 399 411 412
f 399 412 400
f 400 412 413
f 400 413 401
f 401 413 414
f 401 414 402
f 402 414 415
f 402 415 403
f 403 415 416
f 404 417 405
f 405 417 418
f 405 418 406
f 406 418 419
f 406 419 407
f 407 419 420
f 407 420 408
f 408 420 421
f 408 421 409
f 409 421 422
f 409 422 410
f 410 422 423
f 410 423 411
f 411 423 424
f 411 424 412
f 412 424 425
f 412 425 413
f 413 425 426
f 413 426 414
f 414 426 427
f 414 427 415
f 415 427 428
f 415 428 416
f 416 428 429
f 417 430 418
f 418 430 431
f 418 431 419
f 419 431 432
f 419 432 420
f 420 432 433
f 420 433 421
f 421 433 434
f 421 434 422
f 422 434 435
f 422 435 423
f 423 435 436
f 423 436 424
f 424 436 437
f 424 437 425
f 425 437 438
f 425 438 426
f 426 438 439
f 426 439 427
f 427 439 440
f 427 440 428
f 428 440 441
f 428 441 429
f 429 441 442
f 430 443 431
f 431 443 444
f 431 444 432
f 432 444 445
f 432 445 433
f 433 445 446
f 433 446 434
f 434 446 447
f 434 447 435
f 435 447 448
f 435 448 436
f 436 448 449
f 436 449 437
f 437 449 450
f 437 450 438
f 438 450 451
f 438 451 439
f 439 451 452
f 439 452 440
f 440 452 453
f 440 453 441
f 441 453 454
f 441 454 442
f 442 454 455
f 443 456 444
f 444 456 457
f 444 457 445
f 445 457 458
f 445 458 446
f 446 458 459
f 446 459 447
f 447 459 460
f 447 460 448
f 448 460 461
f 448 461 449
f 449 461 462
f 449 462 450
f 450 462 463
f 450 463 451
f 451 463 464
f 451 464 452
f 452 464 465
f 452 465 453
f 453 465 466
f 453 466 454
f 454 466 467
f 454 467 455
f 455 467 468
f 456 469 457
f 457 469 470
f 457 470 458
f 458 470 471
f 458 471 459
f 459 471 472
f 459 472 460
f 460 472 473
f 460 473 461
f 461 473 474
f 461 474 462
f 462 474 475
f 462 475 463
f 463 475 476
f 463 476 464
f 464 476 477
f 464 477 465
f 465 477 478
f 465 478 466
f 466 478 479
f 466 479 467
f 467 479 480
f 467 480 468
f 468 480 481
f 469 482 470
f 470 482 483
f 470 483 471
f 471 483 484
f 471 484 472
f 472 484 485
f 472 485 473
f 473 485 486
f 473 486 474
f 474 486 487
f 474 487 475
f 475 487 488
f 475 488 476
f 476 488 489
f 476 489 477
f 477 489 490
f 477 490 478
f 478 490 491
f 478 491 479
f 479 491 492
f 479 492 480
f 480 492 493
f 480 493 481
f 481 493 494
f 482 495 483
f 483 495 496
f 483 496 484
f 484 496 497
f 484 497 485
f 485 497 498
f 485 498 486
f 486 498 499
f 486 499 487
f 487 499 500
f 487 500 488
f 488 500 501
f 488 501 489
f 489 501 502
f 489 502 490
f 490 502 503
f 490 503 491
f 491 503 504
f 491 504 492
f 492 504 505
f 492 505 493
f 493 505 506
f 493 506 494
f 494 506 507
f 495 508 496
f 496 508 509
f 496 509 497
f 497 509 510
f 497 510 498
f 498 510 511
f 498 511 499
f 499 511 512
f 499 512 500
f 500 512 513
f 500 513 501
f 501 513 514
f 501 514 502
f 502 514 515
f 502 515 503
f 503 515 516
f 503 516 504
f 504 516 517
f 504 517 505
f 505 517 518
f 505 518 506
f 506 518 519
f 506 519 507
f 507 519 520
f 508 521 509
f 509 521 522
f 509 522 510
f 510 522 523
f 510 523 511
f 511 523 524
f 511 524 512
f 512 524 525
f 512 525 513
f 513 525 526
f 513 526 514
f 514 526 527
f 514 527 515
f 515 527 528
f 515 528 516
f 516 528 529
f 516 529 517
f 517 529 530
f 517 530 518
f 518 530 531
f 518 531 519
f 519 531 532
f 519 532 520
f 520 532 533
f 521 534 522
f 522 534 535
f 522 535 523
f 523 535 536
f 523 536 524
f 524 536 537
f 524 537 525
f 525 537 538
f 525 538 526
f 526 538 539
f 526 539 527
f 527 539 540
f 527 540 528
f 528 540 541
f 528 541 529
f 529 541 542
f 529 542 530
f 530 542 543
f 530 543 531
f 531 543 544
f 531 544 532
f 532 544 545
f 532 545 533
f 533 545 546
f 534 547 535
f 535 547 548
f 535 548 536
f 536 548 549
f 536 549 537
f 537 549 550
f 537 550 538
f 538 550 551
f 538 551 539
f 539 551 552
f 539 552 540
f 540 552 553
f 540 553 541
f 541 553 554
f 541 554 542
f 542 554 555
f 542 555 543
f 543 555 556
f 543 556 544
f 544 556 557
f 544 557 545
f 545 557 558
f 545 558 546
f 546 558 559
f 547 560 548
f 548 560 561
f 548 561 549
f 549 561 562
f 549 562 550
f 550 562 563
f 550 563 551
f 551 563 564
f 551 564 552
f 552 564 565
f 552 565 553
f 553 565 566
f 553 566 554
f 554 566 567
f 554 567 555
f 555 567 568
f 555 568 556
f 556 568 569
f 556 569 557
f 557 569 570
f 557 570 558
f 558 570 571
f 558 571 559
f 559 571 572
f 560 573 561
f 561 573 574
f 561 574 562
f 562 574 575
f 562 575 563
f 563 575 576
f 563 576 564
f 564 576 577
f 564 577 565
f 565 577 578
f 565 578 566
f 566 578 579
f 566 579 567
f 567 579 580
f 567 580 568
f 568 580 581
f 568 581 569
f 569 581 582
f 569 582 570
f 570 582 583
f 570 583 571
f 571 583 584
f 571 584 572
f 572 584 585
f 573 586 574
f 574 586 587
f 574 587 575
f 575 587 588
f 575 588 576
f 576 588 589
f 576 589 577
f 577 589 590
f 577 590 578
f 578 590 591
f 578 591 579
f 579 591 592
f 579 592 580
f 580 592 593
f 580 593 581
f 581 593 594
f 581 594 582
f 582 594 595
f 582 595 583
f 583 595 596
f 583 596 584
f 584 596 597
f 584 597 585
f 585 597 598
f 586 599 587
f 587 599 600
f 587 600 588
f 588 600 601
f 588 601 589
f 589 601 602
f 589 602 590
f 590 602 603
f 590 603 591
f 591 603 604
f 591 604 592
f 592 604 605
f 592 605 593
f 593 605 606
f 593 606 594
f 594 606 607
f 594 607 595
f 595 607 608
f 595 608 596
f 596 608 609
f 596 609 597
f 597 609 610
f 597 610 598
f 598 610 611
f 599 612 600
f 600 612 613
f 600 613 601
f 601 613 614
f 601 614 602
f 602 614 615
f 602 615 603
f 603 615 616
f 603 616 604
f 604 616 617
f 604 617 605
f 605 617 618
f 605 618 606
f 606 618 619
f 606 619 607
f 607 619 620
f 607 620 608
f 608 620 621
f 608 621 609
f 609 621 622
f 609 622 610
f 610 622 623
f 610 623 611
f 611 623 624
f 612 625 613
f 613 625 626
f 613 626 614
f 614 626 627
f 614 627 615
f 615 627 628
f 615 628 616
f 616 628 629
f 616 629 617
f 617 629 630
f 617 630 618
f 618 630 631
f 618 631 619
f 619 631 632
f 619 632 620
f 620 632 633
f 620 633 621
f 621 633 634
f 621 634 622
f 622 634 635
f 622 635 623
f 623 635 636
f 623 636 624
f 624 636 637
f 625 638 626
f 626 638 639
f 626 639 627
f 627 639 640
f 627 640 628
f 628 640 641
f 628 641 629
f 629 641 642
f 629 642 630
f 630 642 643
f 630 643 631
f 631 643 644
f 631 644 632
f 632 644 645
f 632 645 633
f 633 645 646
f 633 646 634
f 634 646 647
f 634 647 635
f 635 647 648
f 635 648 636
f 636 648 649
f 636 649 637
f 637 649 650
f 638 651 639
f 639 651 652
f 639 652 640
f 640 652 653
f 640 653 641
f 641 653 654
f 641 654 642
f 642 654 655
f 642 655 643
f 643 655 656
f 643 656 644
f 644 656 657
f 644 657 645
f 645 657 658
f 645 658 646
f 646 658 659
f 646 659 647
f 647 659 660
f 647 660 648
f 648 660 661
f 648 661 649
f 649 661 662
f 649 662 650
f 650 662 663
f 651 664 652
f 652 664 665
f 652 665 653
f 653 665 666
f 653 666 654
f 654 666 667
f 654 667 655
f 655 667 668
f 655 668 656
f 656 668 669
f 656 669 657
f 657 669 670
f 657 670 658
f 658 670 671
f 658 671 659
f 659 671 672
f 659 672 660
f 660 672 673
f 660 673 661
f 661 673 674
f 661 674 662
f 662 674 675
f 662 675 663
f 663 675 676
f 664 677 665
f 665 677 678
f 665 678 666
f 666 678 679
f 666 679 667
f 667 679 680
f 667 680 668
f 668 680 681
f 668 681 669
f 669 681 682
f 669 682 670
f 670 682 683
f 670 683 671
f 671 683 684
f 671 684 672
f 672 684 685
f 672 685 673
f 673 685 686
f 673 686 674
f 674 686 687
f 674 687 675
f 675 687 688
f 675 688 676
f 676 688 689
f 677 690 678
f 678 690 691
f 678 691 679
f 679 691 692
f 679 692 680
f 680 692 693
f 680 693 681
f 681 693 694
f 681 694 682
f 682 694 695
f 682 695 683
f 683 695 696
f 683 696 684
f 684 696 697
f 684 697 685
f 685 697 698
f 685 698 686
f 686 698 699
f 686 699 687
f 687 699 700
f 687 700 688
f 688 700 701
f 688 701 689
f 689 701 702
f 690 703 691
f 691 703 704
f 691 704 692
f 692 704 705
f 692 705 693
f 693 705 706
f 693 706 694
f 694 706 707
f 694 707 695
f 695 707 708
f 695 708 696
f 696 708 709
f 696 709 697
f 697 709 710
f 697 710 698
f 698 710 711
f 698 711 699
f 699 711 712
f 699 712 700
f 700 712 713
f 700 713 701
f 701 713 714
f 701 714 702
f 702 714 715
f 703 716 704
f 704 716 717
f 704 717 705
f 705 717 718
f 705 718 706
f 706 718 719
f 706 719 707
f 707 719 720
f 707 720 708
f 708 720 721
f 708 721 709
f 709 721 722
f 709 722 710
f 710 722 723
f 710 723 711
f 711 723 724
f 711 724 712
f 712 724 725
f 712 725 713
f 713 725 726
f 713 726 714
f 714 726 727
f 714 727 715
f 715 727 728
f 716 729 717
f 717 729 730
f 717 730 718
f 718 730 731
f 718 731 719
f 719 731 732
f 719 732 720
f 720 732 733
f 720 733 721
f 721 733 734
f 721 734 722
f 722 734 735
f 722 735 723
f 723 735 736
f 723 736 724
f 724 736 737
f 724 737 725
f 725 737 738
f 725 738 726
f 726 738 739
f 726 739 727
f 727 739 740
f 727 740 728
f 728 740 741
f 729 742 730
f 730 742 743
f 730 743 731
f 731 743 744
f 731 744 732
f 732 744 745
f 732 745 733
f 733 745 746
f 733 746 734
f 734 746 747
f 734 747 735
f 735 747 748
f 735 748 736
f 736 748 749
f 736 749 737
f 737 749 750
f 737 750 738
f 738 750 751
f 738 751 739
f 739 751 752
f 739 752 740
f 740 752 753
f 740 753 741
f 741 753 754
f 742 755 743
f 743 755 756
f 743 756 744
f 744 756 757
f 744 757 745
f 745 757 758
f 745 758 746
f 746 758 759
f 746 759 747
f 747 759 760
f 747 760 748
f 748 760 761
f 748 761 749
f 749 761 762
f 749 762 750
f 750 762 763
f 750 763 751
f 751 763 764
f 751 764 752
f 752 764 765
f 752 765 753
f 753 765 766
f 753 766 754
f 754 766 767
f 755 768 756
f 756 768 769
f 756 769 757
f 757 769 770
f 757 770 758
f 758 770 771
f 758 771 759
f 759 771 772
f 759 772 760
f 760 772 773
f 760 773 761
f 761 773 774
f 761 774 762
f 762 774 775
f 762 775 763
f 763 775 776
f 763 776 764
f 764 776 777
f 764 777 765
f 765 777 778
f 765 778 766
f 766 778 779
f 766 779 767
f 767 779 780
f 768 781 769
f 769 781 782
f 769 782 770
f 770 782 783
f 770 783 771
f 771 783 784
f 771 784 772
f 772 784 785
f 772 785 773
f 773 785 786
f 773 786 774
f 774 786 787
f 774 787 775
f 775 787 788
f 775 788 776
f 776 788 789
f 776 789 777
f 777 789 790
f 777 790 778
f 778 790 791
f 778 791 779
f 779 791 792
f 779 792 780
f 780 792 793
f 781 794 782
f 782 794 795
f 782 795 783
f 783 795 796
f 783 796 784
f 784 796 797
f 784 797 785
f 785 797 798
f 785 798 786
f 786 798 799
f 786 799 787
f 787 799 800
f 787 800 788
f 788 800 801
f 788 801 789
f 789 801 802
f 789 802 790
f 790 802 803
f 790 803 791
f 791 803 804
f 791 804 792
f 792 804 805
f 792 805 793
f 793 805 806
f 794 807 795
f 795 807 808
f 795 808 796
f 796 808 809
f 796 809 797
f 797 809 810
f 797 810 798
f 798 810 811
f 798 811 799
f 799 811 812
f 799 812 800
f 800 812 813
f 800 813 801
f 801 813 814
f 801 814 802
f 802 814 815
f 802 815 803
f 803 815 816
f 803 816 804
f 804 816 817
f 804 817 805
f 805 817 818
f 805 818 806
f 806 818 819
f 807 820 808
f 808 820 821
f 808 821 809
f 809 821 822
f 809 822 810
f 810 822 823
f 810 823 811
f 811 823 824
f 811 824 812
f 812 824 825
f 812 825 813
f 813 825 826
f 813 826 814
f 814 826 827
f 814 827 815
f 815 827 828
f 815 828 816
f 816 828 829
f 816 829 817
f 817 829 830
f 817 830 818
f 818 830 831
f 818 831 819
f 819 831 832
f 820 833 821
f 821 833 834
f 821 834 822
f 822 834 835
f 822 835 823
f 823 835 836
f 823 836 824
f 824 836 837
f 824 837 825
f 825 837 838
f 825 838 826
f 826 838 839
f 826 839 827
f 827 839 840
f 827 840 828
f 828 840 841
f 828 841 829
f 829 841 842
f 829 842 830
f 830 842 843
f 830 843 831
f 831 843 844
f 831 844 832
f 832 844 845
f 833 846 834
f 834 846 847
f 834 847 835
f 835 847 848
f 835 848 836
f 836 848 849
f 836 849 837
f 837 849 850
f 837 850 838
f 838 850 851
f 838 851 839
f 839 851 852
f 839 852 840
f 840 852 853
f 840 853 841
f 841 853 854
f 841 854 842
f 842 854 855
f 842 855 843
f 843 855 856
f 843 856 844
f 844 856 857
f 844 857 845
f 845 857 858
f 846 859 847
f 847 859 860
f 847 860 848
f 848 860 861
f 848 861 849
f 849 861 862
f 849 862 850
f 850 862 863
f 850 863 851
f 851 863 864
f 851 864 852
f 852 864 865
f 852 865 853
f 853 865 866
f 853 866 854
f 854 866 867
f 854 867 855
f 855 867 868
f 855 868 856
f 856 868 869
f 856 869 857
f 857 869 870
f 857 870 858
f 858 870 871
f 859 872 860
f 860 872 873
f 860 873 861
f 861 873 874
f 861 874 862
f 862 874 875
f 862 875 863
f 863 875 876
f 863 876 864
f 864 876 877
f 864 877 865
f 865 877 878
f 865 878 866
f 866 878 879
f 866 879 867
f 867 879 880
f 867 880 868
f 868 880 881
f 868 881 869
f 869 881 882
f 869 882 870
f 870 882 883
f 870 883 871
f 871 883 884
f 872 885 873
f 873 885 886
f 873 886 874
f 874 886 887
f 874 887 875
f 875 887 888
f 875 888 876
f 876 888 889
f 876 889 877
f 877 889 890
f 877 890 878
f 878 890 891
f 878 891 879
f 879 891 892
f 879 892 880
f 880 892 893
f 880 893 881
f 881 893 894
f 881 894 882
f 882 894 895
f 882 895 883
f 883 895 896
f 883 896 884
f 884 896 897
f 885 898 886
f 886 898 899
f 886 899 887
f 887 899 900
f 887 900 888
f 888 900 901
f 888 901 889
f 889 901 902
f 889 902 890
f 890 902 903
f 890 903 891
f 891 903 904
f 891 904 892
f 892 904 905
f 892 905 893
f 893 905 906
f 893 906 894
f 894 906 907
f 894 907 895
f 895 907 908
f 895 908 896
f 896 908 909
f 896 909 897
f 897 909 910
f 898 911 899
f 899 911 912
f 899 912 900
f 900 912 913
f 900 913 901
f 901 913 914
f 901 914 902
f 902 914 915
f 902 915 903
f 903 915 916
f 903 916 904
f 904 916 917
f 904 917 905
f 905 917 918
f 905 918 906
f 906 918 919
f 906 919 907
f 907 919 920
f 907 920 908
f 908 920 921
f 908 921 909
f 909 921 922
f 909 922 910
f 910 922 923
f 911 924 912
f 912 924 925
f 912 925 913
f 913 925 926
f 913 926 914
f 914 926 927
f 914 927 915
f 915 927 928
f 915 928 916
f 916 928 929
f 916 929 917
f 917 929 930
f 917 930 918
f 918 930 931
f 918 931 919
f 919 931 932
f 919 932 920
f 920 932 933
f 920 933 921
f 921 933 934
f 921 934 922
f 922 934 935
f 922 935 923
f 923 935 936
f 924 937 925
f 925 937 938
f 925 938 926
f 926 938 939
f 926 939 927
f 927 939 940
f 927 940 928
f 928 940 941
f 928 941 929
f 929 941 942
f 929 942 930
f 930 942 943
f 930 943 931
f 931 943 944
f 931 944 932
f 932 944 945
f 932 945 933
f 933 945 946
f 933 946 934
f 934 946 947
f 934 947 935
f 935 947 948
f 935 948 936
f 936 948 949
f 937 950 938
f 938 950 951
f 938 951 939
f 939 951 952
f 939 952 940
f 940 952 953
f 940 953 941
f 941 953 954
f 941 954 942
f 942 954 955
f 942 955 943
f 943 955 956
f 943 956 944
f 944 956 957
f 944 957 945
f 945 957 958
f 945 958 946
f 946 958 959
f 946 959 947
f 947 959 960
f 947 960 948
f 948 960 961
f 948 961 949
f 949 961 962
f 950 963 951
f 951 963 964
f 951 964 952
f 952 964 965
f 952 965 953
f 953 965 966
f 953 966 954
f 954 966 967
f 954 967 955
f 955 967 968
f 955 968 956
f 956 968 969
f 956 969 957
f 957 969 970
f 957 970 958
f 958 970 971
f 958 971 959
f 959 971 972
f 959 972 960
f 960 972 973
f 960 973 961
f 961 973 974
f 961 974 962
f 962 974 975
f 963 976 964
f 964 976 977
f 964 977 965
f 965 977 978
f 965 978 966
f 966 978 979
f 966 979 967
f 967 979 980
f 967 980 968
f 968 980 981
f 968 981 969
f 969 981 982
f 969 982 970
f 970 982 983
f 970 983 971
f 971 983 984
f 971 984 972
f 972 984 985
f 972 985 973
f 973 985 986
f 973 986 974
f 974 986 987
f 974 987 975
f 975 987 988
f 976 989 977
f 977 989 990
f 977 990 978
f 978 990 991
f 978 991 979
f 979 991 992
f 979 992 980
f 980 992 993
f 980 993 981
f 981 993 994
f 981 994 982
f 982 994 995
f 982 995 983
f 983 995 996
f 983 996 984
f 984 996 997
f 984 997 985
f 985 997 998
f 985 998 986
f 986 998 999
f 986 999 987
f 987 999 1000
f 987 1000 988
f 988 1000 1001
f 989 1002 990
f 990 1002 1003
f 990 1003 991
f 991 1003 1004
f 991 1004 992
f 992 1004 1005
f 992 1005 993
f 993 1005 1006
f 993 1006 994
f 994 1006 1007
f 994 1007 995
f 995 1007 1008
f 995 1008 996
f 996 1008 1009
f 996 1009 997
f 997 1009 1010
f 997 1010 998
f 998 1010 1011
f 998 1011 999
f 999 1011 1012
f 999 1012 1000
f 1000 1012 1013
f 1000 1013 1001
f 1001 1013 1014
f 1002 1015 1003
f 1003 1015 1016
f 1003 1016 1004
f 1004 1016 1017
f 1004 1017 1005
f 1005 1017 1018
f 1005 1018 1006
f 1006 1018 1019
f 1006 1019 1007
f 1007 1019 1020
f 1007 1020 1008
f 1008 1020 1021
f 1008 1021 1009
f 1009 1021 1022
f 1009 1022 1010
f 1010 1022 1023
f 1010 1023 1011
f 1011 1023 1024
f 1011 1024 1012
f 1012 1024 1025
f 1012 1025 1013
f 1013 1025 1026
f 1013 1026 1014
f 1014 1026 1027
f 1015 1028 1016
f 1016 1028 1029
f 1016 1029 1017
f 1017 1029 1030
f 1017 1030 1018
f 1018 1030 1031
f 1018 1031 1019
f 1019 1031 1032
f 1019 1032 1020
f 1020 1032 1033
f 1020 1033 1021
f 1021 1033 1034
f 1021 1034 1022
f 1022 1034 1035
f 1022 1035 1023
f 1023 1035 1036
f 1023 1036 1024
f 1024 1036 1037
f 1024 1037 1025
f 1025 1037 1038
f 1025 1038 1026
f 1026 1038 1039
f 1026 1039 1027
f 1027 1039 1040
f 1028 1041 1029
f 1029 1041 1042
f 1029 1042 1030
f 1030 1042 1043
f 1030 1043 1031
f 1031 1043 1044
f 1031 1044 1032
f 1032 1044 1045
f 1032 1045 1033
f 1033 1045 1046
f 1033 1046 1034
f 1034 1046 1047
f 1034 1047 1035
f 1035 1047 1048
f 1035 1048 1036
f 1036 1048 1049
f 1036 1049 1037
f 1037 1049 1050
f 1037 1050 1038
f 1038 1050 1051
f 1038 1051 1039
f 1039 1051 1052
f 1039 1052 1040
f 1040 1052 1053
f 1041 1054 1042
f 1042 1054 1055
f 1042 1055 1043
f 1043 1055 1056
f 1043 1056 1044
f 1044 1056 1057
f 1044 1057 1045
f 1045 1057 1058
f 1045 1058 1046
f 1046 1058 1059
f 1046 1059 1047
f 1047 1059 1060
f 1047 1060 1048
f 1048 1060 1061
f 1048 1061 1049
f 1049 1061 1062
f 1049 1062 1050
f 1050 1062 1063
f 1050 1063 1051
f 1051 1063 1064
f 1051 1064 1052
f 1052 1064 1065
f 1052 1065 1053
f 1053 1065 1066
f 1054 1067 1055
f 1055 1067 1068
f 1055 1068 1056
f 1056 1068 1069
f 1056 1069 1057
f 1057 1069 1070
f 1057 1070 1058
f 1058 1070 1071
f 1058 1071 1059
f 1059 1071 1072
f 1059 1072 1060
f 1060 1072 1073
f 1060 1073 1061
f 1061 1073 1074
f 1061 1074 1062
f 1062 1074 1075
f 1062 1075 1063
f 1063 1075 1076
f 1063 1076 1064
f 1064 1076 1077
f 1064 1077 1065
f 1065 1077 1078
f 1065 1078 1066
f 1066 1078 1079
f 1067 1080 1068
f 1068 1080 1081
f 1068 1081 1069
f 1069 1081 1082
f 1069 1082 1070
f 1070 1082 1083
f 1070 1083 1071
f 1071 1083 1084
f 1071 1084 1072
f 1072 1084 1085
f 1072 1085 1073
f 1073 1085 1086
f 1073 1086 1074
f 1074 1086 1087
f 1074 1087 1075
f 1075 1087 1088
f 1075 1088 1076
f 1076 1088 1089
f 1076 1089 1077
f 1077 1089 1090
f 1077 1090 1078
f 1078 1090 1091
f 1078 1091 1079
f 1079 1091 1092
f 1080 1093 1081
f 1081 1093 1094
f 1081 1094 1082
f 1082 1094 1095
f 1082 1095 1083
f 1083 1095 1096
f 1083 1096 1084
f 1084 1096 1097
f 1084 1097 1085
f 1085 1097 1098
f 1085 1098 1086
f 1086 1098 1099
f 1086 1099 1087
f 1087 1099 1100
f 1087 1100 1088
f 1088 1100 1101
f 1088 1101 1089
f 1089 1101 1102
f 1089 1102 1090
f 1090 1102 1103
f 1090 1103 1091
f 1091 1103 1104
f 1091 1104 1092
f 1092 1104 1105
f 1093 1106 1094
f 1094 1106 1107
f 1094 1107 1095
f 1095 1107 1108
f 1095 1108 1096
f 1096 1108 1109
f 1096 1109 1097
f 1097 1109 1110
f 1097 1110 1098
f 1098 1110 1111
f 1098 1111 1099
f 1099 1111 1112
f 1099 1112 1100
f 1100 1112 1113
f 1100 1113 1101
f 1101 1113 1114
f 1101 1114 1102
f 1102 1114 1115
f 1102 1115 1103
f 1103 1115 1116
f 1103 1116 1104
f 1104 1116 1117
f 1104 1117 1105
f 1105 1117 1118
f 1106 1119 1107
f 1107 1119 1120
f 1107 1120 1108
f 1108 1120 1121
f 1108 1121 1109
f 1109 1121 1122
f 1109 1122 1110
f 1110 1122 1123
f 1110 1123 1111
f 1111 1123 1124
f 1111 1124 1112
f 1112 1124 1125
f 1112 1125 1113
f 1113 1125 1126
f 1113 1126 1114
f 1114 1126 1127
f 1114 1127 1115
f 1115 1127 1128
f 1115 1128 1116
f 1116 1128 1129
f 1116 1129 1117
f 1117 1129 1130
f 1117 1130 1118
f 1118 1130 1131
f 1119 1132 1120
f 1120 1132 1133
f 1120 1133 1121
f 1121 1133 1134
f 1121 1134 1122
f 1122 1134 1135
f 1122 1135 1123
f 1123 1135 1136
f 1123 1136 1124
f 1124 1136 1137
f 1124 1137 1125
f 1125 1137 1138
f 1125 1138 1126
f 1126 1138 1139
f 1126 1139 1127
f 1127 1139 1140
f 1127 1140 1128
f 1128 1140 1141
f 1128 1141 1129
f 1129 1141 1142
f 1129 1142 1130
f 1130 1142 1143
f 1130 1143 1131
f 1131 1143 1144
f 1132 1145 1133
f 1133 1145 1146
f 1133 1146 1134
f 1134 1146 1147
f 1134 1147 1135
f 1135 1147 1148
f 1135 1148 1136
f 1136 1148 1149
f 1136 1149 1137
f 1137 1149 1150
f 1137 1150 1138
f 1138 1150 1151
f 1138 1151 1139
f 1139 1151 1152
f 1139 1152 1140
f 1140 1152 1153
f 1140 1153 1141
f 1141 1153 1154
f 1141 1154 1142
f 1142 1154 1155
f 1142 1155 1143
f 1143 1155 1156
f 1143 1156 1144
f 1144 1156 1157
f 1145 1158 1146
f 1146 1158 1159
f 1146 1159 1147
f 1147 1159 1160
f 1147 1160 1148
f 1148 1160 1161
f 1148 1161 1149
f 1149 1161 1162
f 1149 1162 1150
f 1150 1162 1163
f 1150 1163 1151
f 1151 1163 1164
f 1151 1164 1152
f 1152 1164 1165
f 1152 1165 1153
f 1153 1165 1166
f 1153 1166 1154
f 1154 1166 1167
f 1154 1167 1155
f 1155 1167 1168
f 1155 1168 1156
f 1156 1168 1169
f 1156 1169 1157
f 1157 1169 1170
f 1158 1171 1159
f 1159 1171 1172
f 1159 1172 1160
f 1160 1172 1173
f 1160 1173 1161
f 1161 1173 1174
f 1161 1174 1162
f 1162 1174 1175
f 1162 1175 1163
f 1163 1175 1176
f 1163 1176 1164
f 1164 1176 1177
f 1164 1177 1165
f 1165 1177 1178
f 1165 1178 1166
f 1166 1178 1179
f 1166 1179 1167
f 1167 1179 1180
f 1167 1180 1168
f 1168 1180 1181
f 1168 1181 1169
f 1169 1181 1182
f 1169 1182 1170
f 1170 1182 1183
f 1171 1184 1172
f 1172 1184 1185
f 1172 1185 1173
f 1173 1185 1186
f 1173 1186 1174
f 1174 1186 1187
f 1174 1187 1175
f 1175 1187 1188
f 1175 1188 1176
f 1176 1188 1189
f 1176 1189 1177
f 1177 1189 1190
f 1177 1190 1178
f 1178 1190 1191
f 1178 1191 1179
f 1179 1191 1192
f 1179 1192 1180
f 1180 1192 1193
f 1180 1193 1181
f 1181 1193 1194
f 1181 1194 1182
f 1182 1194 1195
f 1182 1195 1183
f 1183 1195 1196
f 1184 1197 1185
f 1185 1197 1198
f 1185 1198 1186
f 1186 1198 1199
f 1186 1199 1187
f 1187 1199 1200
f 1187 1200 1188
f 1188 1200 1201
f 1188 1201 1189
f 1189 1201 1202
f 1189 1202 1190
f 1190 1202 1203
f 1190 1203 1191
f 1191 1203 1204
f 1191 1204 1192
f 1192 1204 1205
f 1192 1205 1193
f 1193 1205 1206
f 1193 1206 1194
f 1194 1206 1207
f 1194 1207 1195
f 1195 1207 1208
f 1195 1208 1196
f 1196 1208 1209
f 1197 1210 1198
f 1198 1210 1211
f 1198 1211 1199
f 1199 1211 1212
f 1199 1212 1200
f 1200 1212 1213
f 1200 1213 1201
f 1201 1213 1214
f 1201 1214 1202
f 1202 1214 1215
f 1202 1215 1203
f 1203 1215 1216
f 1203 1216 1204
f 1204 1216 1217
f 1204 1217 1205
f 1205 1217 1218
f 1205 1218 1206
f 1206 1218 1219
f 1206 1219 1207
f 1207 1219 1220
f 1207 1220 1208
f 1208 1220 1221
f 1208 1221 1209
f 1209 1221 1222
f 1210 1223 1211
f 1211 1223 1224
f 1211 1224 1212
f 1212 1224 1225
f 1212 1225 1213
f 1213 1225 1226
f 1213 1226 1214
f 1214 1226 1227
f 1214 1227 1215
f 1215 1227 1228
f 1215 1228 1216
f 1216 1228 1229
f 1216 1229 1217
f 1217 1229 1230
f 1217 1230 1218
f 1218 1230 1231
f 1218 1231 1219
f 1219 1231 1232
f 1219 1232 1220
f 1220 1232 1233
f 1220 1233 1221
f 1221 1233 1234
f 1221 1234 1222
f 1222 1234 1235
f 1223 1236 1224
f 1224 1236 1237
f 1224 1237 1225
f 1225 1237 1238
f 1225 1238 1226
f 1226 1238 1239
f 1226 1239 1227
f 1227 1239 1240
f 1227 1240 1228
f 1228 1240 1241
f 1228 1241 1229
f 1229 1241 1242
f 1229 1242 1230
f 1230 1242 1243
f 1230 1243 1231
f 1231 1243 1244
f 1231 1244 1232
f 1232 1244 1245
f 1232 1245 1233
f 1233 1245 1246
f 1233 1246 1234
f 1234 1246 1247
f 1234 1247 1235
f 1235 1247 1248
f 1236 1249 1237
f 1237 1249 1250
f 1237 1250 1238
f 1238 1250 1251
f 1238 1251 1239
f 1239 1251 1252
f 1239 1252 1240
f 1240 1252 1253
f 1240 1253 1241
f 1241 1253 1254
f 1241 1254 1242
f 1242 1254 1255
f 1242 1255 1243
f 1243 1255 1256
f 1243 1256 1244
f 1244 1256 1257
f 1244 1257 1245
f 1245 1257 1258
f 1245 1258 1246
f 1246 1258 1259
f 1246 1259 1247
f 1247 1259 1260
f 1247 1260 1248
f 1248 1260 1261
f 1249 1262 1250
f 1250 1262 1263
f 1250 1263 1251
f 1251 1263 1264
f 1251 1264 1252
f 1252 1264 1265
f 1252 1265 1253
f 1253 1265 1266
f 1253 1266 1254
f 1254 1266 1267
f 1254 1267 1255
f 1255 1267 1268
f 1255 1268 1256
f 1256 1268 1269
f 1256 1269 1257
f 1257 1269 1270
f 1257 1270 1258
f 1258 1270 1271
f 1258 1271 1259
f 1259 1271 1272
f 1259 1272 1260
f 1260 1272 1273
f 1260 1273 1261
f 1261 1273 1274
f 1262 1275 1263
f 1263 1275 1276
f 1263 1276 1264
f 1264 1276 1277
f 1264 1277 1265
f 1265 1277 1278
f 1265 1278 1266
f 1266 1278 1279
f 1266 1279 1267
f 1267 1279 1280
f 1267 1280 1268
f 1268 1280 1281
f 1268 1281 1269
f 1269 1281 1282
f 1269 1282 1270
f 1270 1282 1283
f 1270 1283 1271
f 1271 1283 1284
f 1271 1284 1272
f 1272 1284 1285
f 1272 1285 1273
f 1273 1285 1286
f 1273 1286 1274
f 1274 1286 1287
f 1275 1288 1276
f 1276 1288 1289
f 1276 1289 1277
f 1277 1289 1290
f 1277 1290 1278
f 1278 1290 1291
f 1278 1291 1279
f 1279 1291 1292
f 1279 1292 1280
f 1280 1292 1293
f 1280 1293 1281
f 1281 1293 1294
f 1281 1294 1282
f 1282 1294 1295
f 1282 1295 1283
f 1283 1295 1296
f 1283 1296 1284
f 1284 1296 1297
f 1284 1297 1285
f 1285 1297 1298
f 1285 1298 1286
f 1286 1298 1299
f 1286 1299 1287
f 1287 1299 1300
f 1288 1301 1289
f 1289 1301 1302
f 1289 1302 1290
f 1290 1302 1303
f 1290 1303 1291
f 1291 1303 1304
f 1291 1304 1292
f 1292 1304 1305
f 1292 1305 1293
f 1293 1305 1306
f 1293 1306 1294
f 1294 1306 1307
f 1294 1307 1295
f 1295 1307 1308
f 1295 1308 1296
f 1296 1308 1309
f 1296 1309 1297
f 1297 1309 1310
f 1297 1310 1298
f 1298 1310 1311
f 1298 1311 1299
f 1299 1311 1312
f 1299 1312 1300
f 1300 1312 1313
f 1301 1314 1302
f 1302 1314 1315
f 1302 1315 1303
f 1303 1315 1316
f 1303 1316 1304
f 1304 1316 1317
f 1304 1317 1305
f 1305 1317 1318
f 1305 1318 1306
f 1306 1318 1319
f 1306 1319 1307
f 1307 1319 1320
f 1307 1320 1308
f 1308 1320 1321
f 1308 1321 1309
f 1309 1321 1322
f 1309 1322 1310
f 1310 1322 1323
f 1310 1323 1311
f 1311 1323 1324
f 1311 1324 1312
f 1312 1324 1325
f 1312 1325 1313
f 1313 1325 1326
f 1314 1327 1315
f 1315 1327 1328
f 1315 1328 1316
f 1316 1328 1329
f 1316 1329 1317
f 1317 1329 1330
f 1317 1330 1318
f 1318 1330 1331
f 1318 1331 1319
f 1319 1331 1332
f 1319 1332 1320
f 1320 1332 1333
f 1320 1333 1321
f 1321 1333 1334
f 1321 1334 1322
f 1322 1334 1335
f 1322 1335 1323
f 1323 1335 1336
f 1323 1336 1324
f 1324 1336 1337
f 1324 1337 1325
f 1325 1337 1338
f 1325 1338 1326
f 1326 1338 1339
f 1327 1340 1328
f 1328 1340 1341
f 1328 1341 1329
f 1329 1341 1342
f 1329 1342 1330
f 1330 1342 1343
f 1330 1343 1331
f 1331 1343 1344
f 1331 1344 1332
f 1332 1344 1345
f 1332 1345 1333
f 1333 1345 1346
f 1333 1346 1334
f 1334 1346 1347
f 1334 1347 1335
f 1335 1347 1348
f 1335 1348 1336
f 1336 1348 1349
f 1336 1349 1337
f 1337 1349 1350
f 1337 1350 1338
f 1338 1350 1351
f 1338 1351 1339
f 1339 1351 1352
f 1340 1353 1341
f 1341 1353 1354
f 1341 1354 1342
f 1342 1354 1355
f 1342 1355 1343
f 1343 1355 1356
f 1343 1356 1344
f 1344 1356 1357
f 1344 1357 1345
f 1345 1357 1358
f 1345 1358 1346
f 1346 1358 1359
f 1346 1359 1347
f 1347 1359 1360
f 1347 1360 1348
f 1348 1360 1361
f 1348 1361 1349
f 1349 1361 1362
f 1349 1362 1350
f 1350 1362 1363
f 1350 1363 1351
f 1351 1363 1364
f 1351 1364 1352
f 1352 1364 1365
f 1353 1366 1354
f 1354 1366 1367
f 1354 1367 1355
f 1355 1367 1368
f 1355 1368 1356
f 1356 1368 1369
f 1356 1369 1357
f 1357 1369 1370
f 1357 1370 1358
f 1358 1370 1371
f 1358 1371 1359
f 1359 1371 1372
f 1359 1372 1360
f 1360 1372 1373
f 1360 1373 1361
f 1361 1373 1374
f 1361 1374 1362
f 1362 1374 1375
f 1362 1375 1363
f 1363 1375 1376
f 1363 1376 1364
f 1364 1376 1377
f 1364 1377 1365
f 1365 1377 1378
f 1366 1379 1367
f 1367 1379 1380
f 1367 1380 1368
f 1368 1380 1381
f 1368 1381 1369
f 1369 1381 1382
f 1369 1382 1370
f 1370 1382 1383
f 1370 1383 1371
f 1371 1383 1384
f 1371 1384 1372
f 1372 1384 1385
f 1372 1385 1373
f 1373 1385 1386
f 1373 1386 1374
f 1374 1386 1387
f 1374 1387 1375
f 1375 1387 1388
f 1375 1388 1376
f 1376 1388 1389
f 1376 1389 1377
f 1377 1389 1390
f 1377 1390 1378
f 1378 1390 1391
f 1379 1392 1380
f 1380 1392 1393
f 1380 1393 1381
f 1381 1393 1394
f 1381 1394 1382
f 1382 1394 1395
f 1382 1395 1383
f 1383 1395 1396
f 1383 1396 1384
f 1384 1396 1397
f 1384 1397 1385
f 1385 1397 1398
f 1385 1398 1386
f 1386 1398 1399
f 1386 1399 1387
f 1387 1399 1400
f 1387 1400 1388
f 1388 1400 1401
f 1388 1401 1389
f 1389 1401 1402
f 1389 1402 1390
f 1390 1402 1403
f 1390 1403 1391
f 1391 1403 1404
f 1392 1405 1393
f 1393 1405 1406
f 1393 1406 1394
f 1394 1406 1407
f 1394 1407 1395
f 1395 1407 1408
f 1395 1408 1396
f 1396 1408 1409
f 1396 1409 1397
f 1397 1409 1410
f 1397 1410 1398
f 1398 1410 1411
f 1398 1411 1399
f 1399 1411 1412
f 1399 1412 1400
f 1400 1412 1413
f 1400 1413 1401
f 1401 1413 1414
f 1401 1414 1402
f 1402 1414 1415
f 1402 1415 1403
f 1403 1415 1416
f 1403 1416 1404
f 1404 1416 1417
f 1405 1418 1406
f 1406 1418 1419
f 1406 1419 1407
f 1407 1419 1420
f 1407 1420 1408
f 1408 1420 1421
f 1408 1421 1409
f 1409 1421 1422
f 1409 1422 1410
f 1410 1422 1423
f 1410 1423 1411
f 1411 1423 1424
f 1411 1424 1412
f 1412 1424 1425
f 1412 1425 1413
f 1413 1425 1426
f 1413 1426 1414
f 1414 1426 1427
f 1414 1427 1415
f 1415 1427 1428
f 1415 1428 1416
f 1416 1428 1429
f 1416 1429 1417
f 1417 1429 1430
f 1418 1431 1419
f 1419 1431 1432
f 1419 1432 1420
f 1420 1432 1433
f 1420 1433 1421
f 1421 1433 1434
f 1421 1434 1422
f 1422 1434 1435
f 1422 1435 1423
f 1423 1435 1436
f 1423 1436 1424
f 1424 1436 1437
f 1424 1437 1425
f 1425 1437 1438
f 1425 1438 1426
f 1426 1438 1439
f 1426 1439 1427
f 1427 1439 1440
f 1427 1440 1428
f 1428 1440 1441
f 1428 1441 1429
f 1429 1441 1442
f 1429 1442 1430
f 1430 1442 1443
f 1431 1444 1432
f 1432 1444 1445
f 1432 1445 1433
f 1433 1445 1446
f 1433 1446 1434
f 1434 1446 1447
f 1434 1447 1435
f 1435 1447 1448
f 1435 1448 1436
f 1436 1448 1449
f 1436 1449 1437
f 1437 1449 1450
f 1437 1450 1438
f 1438 1450 1451
f 1438 1451 1439
f 1439 1451 1452
f 1439 1452 1440
f 1440 1452 1453
f 1440 1453 1441
f 1441 1453 1454
f 1441 1454 1442
f 1442 1454 1455
f 1442 1455 1443
f 1443 1455 1456
f 1444 1457 1445
f 1445 1457 1458
f 1445 1458 1446
f 1446 1458 1459
f 1446 1459 1447
f 1447 1459 1460
f 1447 1460 1448
f 1448 1460 1461
f 1448 1461 1449
f 1449 1461 1462
f 1449 1462 1450
f 1450 1462 1463
f 1450 1463 1451
f 1451 1463 1464
f 1451 1464 1452
f 1452 1464 1465
f 1452 1465 1453
f 1453 1465 1466
f 1453 1466 1454
f 1454 1466 1467
f 1454 1467 1455
f 1455 1467 1468
f 1455 1468 1456
f 1456 1468 1469
f 1457 1470 1458
f 1458 1470 1471
f 1458 1471 1459
f 1459 1471 1472
f 1459 1472 1460
f 1460 1472 1473
f 1460 1473 1461
f 1461 1473 1474
f 1461 1474 1462
f 1462 1474 1475
f 1462 1475 1463
f 1463 1475 1476
f 1463 1476 1464
f 1464 1476 1477
f 1464 1477 1465
f 1465 1477 1478
f 1465 1478 1466
f 1466 1478 1479
f 1466 1479 1467
f 1467 1479 1480
f 1467 1480 1468
f 1468 1480 1481
f 1468 1481 1469
f 1469 1481 1482
f 1470 1483 1471
f 1471 1483 1484
f 1471 1484 1472
f 1472 1484 1485
f 1472 1485 1473
f 1473 1485 1486
f 1473 1486 1474
f 1474 1486 1487
f 1474 1487 1475
f 1475 1487 1488
f 1475 1488 1476
f 1476 1488 1489
f 1476 1489 1477
f 1477 1489 1490
f 1477 1490 1478
f 1478 1490 1491
f 1478 1491 1479
f 1479 1491 1492
f 1479 1492 1480
f 1480 1492 1493
f 1480 1493 1481
f 1481 1493 1494
f 1481 1494 1482
f 1482 1494 1495
f 1483 1496 1484
f 1484 1496 1497
f 1484 1497 1485
f 1485 1497 1498
f 1485 1498 1486
f 1486 1498 1499
f 1486 1499 1487
f 1487 1499 1500
f 1487 1500 1488
f 1488 1500 1501
f 1488 1501 1489
f 1489 1501 1502
f 1489 1502 1490
f 1490 1502 1503
f 1490 1503 1491
f 1491 1503 1504
f 1491 1504 1492
f 1492 1504 1505
f 1492 1505 1493
f 1493 1505 1506
f 1493 1506 1494
f 1494 1506 1507
f 1494 1507 1495
f 1495 1507 1508
f 1496 1509 1497
f 1497 1509 1510
f 1497 1510 1498
f 1498 1510 1511
f 1498 1511 1499
f 1499 1511 1512
f 1499 1512 1500
f 1500 1512 1513
f 1500 1513 1501
f 1501 1513 1514
f 1501 1514 1502
f 1502 1514 1515
f 1502 1515 1503
f 1503 1515 1516
f 1503 1516 1504
f 1504 1516 1517
f 1504 1517 1505
f 1505 1517 1518
f 1505 1518 1506
f 1506 1518 1519
f 1506 1519 1507
f 1507 1519 1520
f 1507 1520 1508
f 1508 1520 1521
f 1509 1522 1510
f 1510 1522 1523
f 1510 1523 1511
f 1511 1523 1524
f 1511 1524 1512
f 1512 1524 1525
f 1512 1525 1513
f 1513 1525 1526
f 1513 1526 1514
f 1514 1526 1527
f 1514 1527 1515
f 1515 1527 1528
f 1515 1528 1516
f 1516 1528 1529
f 1516 1529 1517
f 1517 1529 1530
f 1517 1530 1518
f 1518 1530 1531
f 1518 1531 1519
f 1519 1531 1532
f 1519 1532 1520
f 1520 1532 1533
f 1520 1533 1521
f 1521 1533 1534
f 1522 1535 1523
f 1523 1535 1536
f 1523 1536 1524
f 1524 1536 1537
f 1524 1537 1525
f 1525 1537 1538
f 1525 1538 1526
f 1526 1538 1539
f 1526 1539 1527
f 1527 1539 1540
f 1527 1540 1528
f 1528 1540 1541
f 1528 1541 1529
f 1529 1541 1542
f 1529 1542 1530
f 1530 1542 1543
f 1530 1543 1531
f 1531 1543 1544
f 1531 1544 1532
f 1532 1544 1545
f 1532 1545 1533
f 1533 1545 1546
f 1533 1546 1534
f 1534 1546 1547
f 1535 1548 1536
f 1536 1548 1549
f 1536 1549 1537
f 1537 1549 1550
f 1537 1550 1538
f 1538 1550 1551
f 1538 1551 1539
f 1539 1551 1552
f 1539 1552 1540
f 1540 1552 1553
f 1540 1553 1541
f 1541 1553 1554
f 1541 1554 1542
f 1542 1554 1555
f 1542 1555 1543
f 1543 1555 1556
f 1543 1556 1544
f 1544 1556 1557
f 1544 1557 1545
f 1545 1557 1558
f 1545 1558 1546
f 1546 1558 1559
f 1546 1559 1547
f 1547 1559 1560
f 1548 1561 1549
f 1549 1561 1562
f 1549 1562 1550
f 1550 1562 1563
f 1550 1563 1551
f 1551 1563 1564
f 1551 1564 1552
f 1552 1564 1565
f 1552 1565 1553
f 1553 1565 1566
f 1553 1566 1554
f 1554 1566 1567
f 1554 1567 1555
f 1555 1567 1568
f 1555 1568 1556
f 1556 1568 1569
f 1556 1569 1557
f 1557 1569 1570
f 1557 1570 1558
f 1558 1570 1571
f 1558 1571 1559
f 1559 1571 1572
f 1559 1572 1560
f 1560 1572 1573
f 1561 1574 1562
f 1562 1574 1575
f 1562 1575 1563
f 1563 1575 1576
f 1563 1576 1564
f 1564 1576 1577
f 1564 1577 1565
f 1565 1577 1578
f 1565 1578 1566
f 1566 1578 1579
f 1566 1579 1567
f 1567 1579 1580
f 1567 1580 1568
f 1568 1580 1581
f 1568 1581 1569
f 1569 1581 1582
f 1569 1582 1570
f 1570 1582 1583
f 1570 1583 1571
f 1571 1583 1584
f 1571 1584 1572
f 1572 1584 1585
f 1572 1585 1573
f 1573 1585 1586
f 1574 1587 1575
f 1575 1587 1588
f 1575 1588 1576
f 1576 1588 1589
f 1576 1589 1577
f 1577 1589 1590
f 1577 1590 1578
f 1578 1590 1591
f 1578 1591 1579
f 1579 1591 1592
f 1579 1592 1580
f 1580 1592 1593
f 1580 1593 1581
f 1581 1593 1594
f 1581 1594 1582
f 1582 1594 1595
f 1582 1595 1583
f 1583 1595 1596
f 1583 1596 1584
f 1584 1596 1597
f 1584 1597 1585
f 1585 1597 1598
f 1585 1598 1586
f 1586 1598 1599
f 1587 1600 1588
f 1588 1600 1601
f 1588 1601 1589
f 1589 1601 1602
f 1589 1602 1590
f 1590 1602 1603
f 1590 1603 1591
f 1591 1603 1604
f 1591 1604 1592
f 1592 1604 1605
f 1592 1605 1593
f 1593 1605 1606
f 1593 1606 1594
f 1594 1606 1607
f 1594 1607 1595
f 1595 1607 1608
f 1595 1608 1596
f 1596 1608 1609
f 1596 1609 1597
f 1597 1609 1610
f 1597 1610 1598
f 1598 1610 1611
f 1598 1611 1599
f 1599 1611 1612
f 1600 1613 1601
f 1601 1613 1614
f 1601 1614 1602
f 1602 1614 1615
f 1602 1615 1603
f 1603 1615 1616
f 1603 1616 1604
f 1604 1616 1617
f 1604 1617 1605
f 1605 1617 1618
f 1605 1618 1606
f 1606 1618 1619
f 1606 1619 1607
f 1607 1619 1620
f 1607 1620 1608
f 1608 1620 1621
f 1608 1621 1609
f 1609 1621 1622
f 1609 1622 1610
f 1610 1622 1623
f 1610 1623 1611
f 1611 1623 1624
f 1611 1624 1612
f 1612 1624 1625
f 1613 1626 1614
f 1614 1626 1627
f 1614 1627 1615
f 1615 1627 1628
f 1615 1628 1616
f 1616 1628 1629
f 1616 1629 1617
f 1617 1629 1630
f 1617 1630 1618
f 1618 1630 1631
f 1618 1631 1619
f 1619 1631 1632
f 1619 1632 1620
f 1620 1632 1633
f 1620 1633 1621
f 1621 1633 1634
f 1621 1634 1622
f 1622 1634 1635
f 1622 1635 1623
f 1623 1635 1636
f 1623 1636 1624
f 1624 1636 1637
f 1624 1637 1625
f 1625 1637 1638
f 1626 1639 1627
f 1627 1639 1640
f 1627 1640 1628
f 1628 1640 1641
f 1628 1641 1629
f 1629 1641 1642
f 1629 1642 1630
f 1630 1642 1643
f 1630 1643 1631
f 1631 1643 1644
f 1631 1644 1632
f 1632 1644 1645
f 1632 1645 1633
f 1633 1645 1646
f 1633 1646 1634
f 1634 1646 1647
f 1634 1647 1635
f 1635 1647 1648
f 1635 1648 1636
f 1636 1648 1649
f 1636 1649 1637
f 1637 1649 1650
f 1637 1650 1638
f 1638 1650 1651
f 1639 1652 1640
f 1640 1652 1653
f 1640 1653 1641
f 1641 1653 1654
f 1641 1654 1642
f 1642 1654 1655
f 1642 1655 1643
f 1643 1655 1656
f 1643 1656 1644
f 1644 1656 1657
f 1644 1657 1645
f 1645 1657 1658
f 1645 1658 1646
f 1646 1658 1659
f 1646 1659 1647
f 1647 1659 1660
f 1647 1660 1648
f 1648 1660 1661
f 1648 1661 1649
f 1649 1661 1662
f 1649 1662 1650
f 1650 1662 1663
f 1650 1663 1651
f 1651 1663 1664
f 1652 1665 1653
f 1653 1665 1666
f 1653 1666 1654
f 1654 1666 1667
f 1654 1667 1655
f 1655 1667 1668
f 1655 1668 1656
f 1656 1668 1669
f 1656 1669 1657
f 1657 1669 1670
f 1657 1670 1658
f 1658 1670 1671
f 1658 1671 1659
f 1659 1671 1672
f 1659 1672 1660
f 1660 1672 1673
f 1660 1673 1661
f 1661 1673 1674
f 1661 1674 1662
f 1662 1674 1675
f 1662 1675 1663
f 1663 1675 1676
f 1663 1676 1664
f 1664 1676 1677
f 1665 1678 1666
f 1666 1678 1679
f 1666 1679 1667
f 1667 1679 1680
f 1667 1680 1668
f 1668 1680 1681
f 1668 1681 1669
f 1669 1681 1682
f 1669 1682 1670
f 1670 1682 1683
f 1670 1683 1671
f 1671 1683 1684
f 1671 1684 1672
f 1672 1684 1685
f 1672 1685 1673
f 1673 1685 1686
f 1673 1686 1674
f 1674 1686 1687
f 1674 1687 1675
f 1675 1687 1688
f 1675 1688 1676
f 1676 1688 1689
f 1676 1689 1677
f 1677 1689 1690
f 1678 1691 1679
f 1679 1691 1692
f 1679 1692 1680
f 1680 1692 1693
f 1680 1693 1681
f 1681 1693 1694
f 1681 1694 1682
f 1682 1694 1695
f 1682 1695 1683
f 1683 1695 1696
f 1683 1696 1684
f 1684 1696 1697
f 1684 1697 1685
f 1685 1697 1698
f 1685 1698 1686
f 1686 1698 1699
f 1686 1699 1687
f 1687 1699 1700
f 1687 1700 1688
f 1688 1700 1701
f 1688 1701 1689
f 1689 1701 1702
f 1689 1702 1690
f 1690 1702 1703
f 1691 1704 1692
f 1692 1704 1705
f 1692 1705 1693
f 1693 1705 1706
f 1693 1706 1694
f 1694 1706 1707
f 1694 1707 1695
f 1695 1707 1708
f 1695 1708 1696
f 1696 1708 1709
f 1696 1709 1697
f 1697 1709 1710
f 1697 1710 1698
f 1698 1710 1711
f 1698 1711 1699
f 1699 1711 1712
f 1699 1712 1700
f 1700 1712 1713
f 1700 1713 1701
f 1701 1713 1714
f 1701 1714 1702
f 1702 1714 1715
f 1702 1715 1703
f 1703 1715 1716
f 1704 1717 1705
f 1705 1717 1718
f 1705 1718 1706
f 1706 1718 1719
f 1706 1719 1707
f 1707 1719 1720
f 1707 1720 1708
f 1708 1720 1721
f 1708 1721 1709
f 1709 1721 1722
f 1709 1722 1710
f 1710 1722 1723
f 1710 1723 1711
f 1711 1723 1724
f 1711 1724 1712
f 1712 1724 1725
f 1712 1725 1713
f 1713 1725 1726
f 1713 1726 1714
f 1714 1726 1727
f 1714 1727 1715
f 1715 1727 1728
f 1715 1728 1716
f 1716 1728 1729
f 1717 1730 1718
f 1718 1730 1731
f 1718 1731 1719
f 1719 1731 1732
f 1719 1732 1720
f 1720 1732 1733
f 1720 1733 1721
f 1721 1733 1734
f 1721 1734 1722
f 1722 1734 1735
f 1722 1735 1723
f 1723 1735 1736
f 1723 1736 1724
f 1724 1736 1737
f 1724 1737 1725
f 1725 1737 1738
f 1725 1738 1726
f 1726 1738 1739
f 1726 1739 1727
f 1727 1739 1740
f 1727 1740 1728
f 1728 1740 1741
f 1728 1741 1729
f 1729 1741 1742
f 1730 1743 1731
f 1731 1743 1744
f 1731 1744 1732
f 1732 1744 1745
f 1732 1745 1733
f 1733 1745 1746
f 1733 1746 1734
f 1734 1746 1747
f 1734 1747 1735
f 1735 1747 1748
f 1735 1748 1736
f 1736 1748 1749
f 1736 1749 1737
f 1737 1749 1750
f 1737 1750 1738
f 1738 1750 1751
f 1738 1751 1739
f 1739 1751 1752
f 1739 1752 1740
f 1740 1752 1753
f 1740 1753 1741
f 1741 1753 1754
f 1741 1754 1742
f 1742 1754 1755
f 1743 1756 1744
f 1744 1756 1757
f 1744 1757 1745
f 1745 1757 1758
f 1745 1758 1746
f 1746 1758 1759
f 1746 1759 1747
f 1747 1759 1760
f 1747 1760 1748
f 1748 1760 1761
f 1748 1761 1749
f 1749 1761 1762
f 1749 1762 1750
f 1750 1762 1763
f 1750 1763 1751
f 1751 1763 1764
f 1751 1764 1752
f 1752 1764 1765
f 1752 1765 1753
f 1753 1765 1766
f 1753 1766 1754
f 1754 1766 1767
f 1754 1767 1755
f 1755 1767 1768
f 1756 1769 1757
f 1757 1769 1770
f 1757 1770 1758
f 1758 1770 1771
f 1758 1771 1759
f 1759 1771 1772
f 1759 1772 1760
f 1760 1772 1773
f 1760 1773 1761
f 1761 1773 1774
f 1761 1774 1762
f 1762 1774 1775
f 1762 1775 1763
f 1763 1775 1776
f 1763 1776 1764
f 1764 1776 1777
f 1764 1777 1765
f 1765 1777 1778
f 1765 1778 1766
f 1766 1778 1779
f 1766 1779 1767
f 1767 1779 1780
f 1767 1780 1768
f 1768 1780 1781
f 1769 1782 1770
f 1770 1782 1783
f 1770 1783 1771
f 1771 1783 1784
f 1771 1784 1772
f 1772 1784 1785
f 1772 1785 1773
f 1773 1785 1786
f 1773 1786 1774
f 1774 1786 1787
f 1774 1787 1775
f 1775 1787 1788
f 1775 1788 1776
f 1776 1788 1789
f 1776 1789 1777
f 1777 1789 1790
f 1777 1790 1778
f 1778 1790 1791
f 1778 1791 1779
f 1779 1791 1792
f 1779 1792 1780
f 1780 1792 1793
f 1780 1793 1781
f 1781 1793 1794
f 1782 1795 1783
f 1783 1795 1796
f 1783 1796 1784
f 1784 1796 1797
f 1784 1797 1785
f 1785 1797 1798
f 1785 1798 1786
f 1786 1798 1799
f 1786 1799 1787
f 1787 1799 1800
f 1787 1800 1788
f 1788 1800 1801
f 1788 1801 1789
f 1789 1801 1802
f 1789 1802 1790
f 1790 1802 1803
f 1790 1803 1791
f 1791 1803 1804
f 1791 1804 1792
f 1792 1804 1805
f 1792 1805 1793
f 1793 1805 1806
f 1793 1806 1794
f 1794 1806 1807
f 1795 1808 1796
f 1796 1808 1809
f 1796 1809 1797
f 1797 1809 1810
f 1797 1810 1798
f 1798 1810 1811
f 1798 1811 1799
f 1799 1811 1812
f 1799 1812 1800
f 1800 1812 1813
f 1800 1813 1801
f 1801 1813 1814
f 1801 1814 1802
f 1802 1814 1815
f 1802 1815 1803
f 1803 1815 1816
f 1803 1816 1804
f 1804 1816 1817
f 1804 1817 1805
f 1805 1817 1818
f 1805 1818 1806
f 1806 1818 1819
f 1806 1819 1807
f 1807 1819 1820
f 1808 1821 1809
f 1809 1821 1822
f 1809 1822 1810
f 1810 1822 1823
f 1810 1823 1811
f 1811 1823 1824
f 1811 1824 1812
f 1812 1824 1825
f 1812 1825 1813
f 1813 1825 1826
f 1813 1826 1814
f 1814 1826 1827
f 1814 1827 1815
f 1815 1827 1828
f 1815 1828 1816
f 1816 1828 1829
f 1816 1829 1817
f 1817 1829 1830
f 1817 1830 1818
f 1818 1830 1831
f 1818 1831 1819
f 1819 1831 1832
f 1819 1832 1820
f 1820 1832 1833
f 1821 1834 1822
f 1822 1834 1835
f 1822 1835 1823
f 1823 1835 1836
f 1823 1836 1824
f 1824 1836 1837
f 1824 1837 1825
f 1825 1837 1838
f 1825 1838 1826
f 1826 1838 1839
f 1826 1839 1827
f 1827 1839 1840
f 1827 1840 1828
f 1828 1840 1841
f 1828 1841 1829
f 1829 1841 1842
f 1829 1842 1830
f 1830 1842 1843
f 1830 1843 1831
f 1831 1843 1844
f 1831 1844 1832
f 1832 1844 1845
f 1832 1845 1833
f 1833 1845 1846
f 1834 1847 1835
f 1835 1847 1848
f 1835 1848 1836
f 1836 1848 1849
f 1836 1849 1837
f 1837 1849 1850
f 1837 1850 1838
f 1838 1850 1851
f 1838 1851 1839
f 1839 1851 1852
f 1839 1852 1840
f 1840 1852 1853
f 1840 1853 1841
f 1841 1853 1854
f 1841 1854 1842
f 1842 1854 1855
f 1842 1855 1843
f 1843 1855 1856
f 1843 1856 1844
f 1844 1856 1857
f 1844 1857 1845
f 1845 1857 1858
f 1845 1858 1846
f 1846 1858 1859
f 1847 1860 1848
f 1848 1860 1861
f 1848 1861 1849
f 1849 1861 1862
f 1849 1862 1850
f 1850 1862 1863
f 1850 1863 1851
f 1851 1863 1864
f 1851 1864 1852
f 1852 1864 1865
f 1852 1865 1853
f 1853 1865 1866
f 1853 1866 1854
f 1854 1866 1867
f 1854 1867 1855
f 1855 1867 1868
f 1855 1868 1856
f 1856 1868 1869
f 1856 1869 1857
f 1857 1869 1870
f 1857 1870 1858
f 1858 1870 1871
f 1858 1871 1859
f 1859 1871 1872
f 1860 1873 1861
f 1861 1873 1874
f 1861 1874 1862
f 1862 1874 1875
f 1862 1875 1863
f 1863 1875 1876
f 1863 1876 1864
f 1864 1876 1877
f 1864 1877 1865
f 1865 1877 1878
f 1865 1878 1866
f 1866 1878 1879
f 1866 1879 1867
f 1867 1879 1880
f 1867 1880 1868
f 1868 1880 1881
f 1868 1881 1869
f 1869 1881 1882
f 1869 1882 1870
f 1870 1882 1883
f 1870 1883 1871
f 1871 1883 1884
f 1871 1884 1872
f 1872 1884 1885
f 1873 1886 1874
f 1874 1886 1887
f 1874 1887 1875
f 1875 1887 1888
f 1875 1888 1876
f 1876 1888 1889
f 1876 1889 1877
f 1877 1889 1890
f 1877 1890 1878
f 1878 1890 1891
f 1878 1891 1879
f 1879 1891 1892
f 1879 1892 1880
f 1880 1892 1893
f 1880 1893 1881
f 1881 1893 1894
f 1881 1894 1882
f 1882 1894 1895
f 1882 1895 1883
f 1883 1895 1896
f 1883 1896 1884
f 1884 1896 1897
f 1884 1897 1885
f 1885 1897 1898
f 1886 1899 1887
f 1887 1899 1900
f 1887 1900 1888
f 1888 1900 1901
f 1888 1901 1889
f 1889 1901 1902
f 1889 1902 1890
f 1890 1902 1903
f 1890 1903 1891
f 1891 1903 1904
f 1891 1904 1892
f 1892 1904 1905
f 1892 1905 1893
f 1893 1905 1906
f 1893 1906 1894
f 1894 1906 1907
f 1894 1907 1895
f 1895 1907 1908
f 1895 1908 1896
f 1896 1908 1909
f 1896 1909 1897
f 1897 1909 1910
f 1897 1910 1898
f 1898 1910 1911
f 1899 1912 1900
f 1900 1912 1913
f 1900 1913 1901
f 1901 1913 1914
f 1901 1914 1902
f 1902 1914 1915
f 1902 1915 1903
f 1903 1915 1916
f 1903 1916 1904
f 1904 1916 1917
f 1904 1917 1905
f 1905 1917 1918
f 1905 1918 1906
f 1906 1918 1919
f 1906 1919 1907
f 1907 1919 1920
f 1907 1920 1908
f 1908 1920 1921
f 1908 1921 1909
f 1909 1921 1922
f 1909 1922 1910
f 1910 1922 1923
f 1910 1923 1911
f 1911 1923 1924
f 1912 1925 1913
f 1913 1925 1926
f 1913 1926 1914
f 1914 1926 1927
f 1914 1927 1915
f 1915 1927 1928
f 1915 1928 1916
f 1916 1928 1929
f 1916 1929 1917
f 1917 1929 1930
f 1917 1930 1918
f 1918 1930 1931
f 1918 1931 1919
f 1919 1931 1932
f 1919 1932 1920
f 1920 1932 1933
f 1920 1933 1921
f 1921 1933 1934
f 1921 1934 1922
f 1922 1934 1935
f 1922 1935 1923
f 1923 1935 1936
f 1923 1936 1924
f 1924 1936 1937
f 1925 1938 1926
f 1926 1938 1939
f 1926 1939 1927
f 1927 1939 1940
f 1927 1940 1928
f 1928 1940 1941
f 1928 1941 1929
f 1929 1941 1942
f 1929 1942 1930
f 1930 1942 1943
f 1930 1943 1931
f 1931 1943 1944
f 1931 1944 1932
f 1932 1944 1945
f 1932 1945 1933
f 1933 1945 1946
f 1933 1946 1934
f 1934 1946 1947
f 1934 1947 1935
f 1935 1947 1948
f 1935 1948 1936
f 1936 1948 1949
f 1936 1949 1937
f 1937 1949 1950
f 1938 1951 1939
f 1939 1951 1952
f 1939 1952 1940
f 1940 1952 1953
f 1940 1953 1941
f 1941 1953 1954
f 1941 1954 1942
f 1942 1954 1955
f 1942 1955 1943
f 1943 1955 1956
f 1943 1956 1944
f 1944 1956 1957
f 1944 1957 1945
f 1945 1957 1958
f 1945 1958 1946
f 1946 1958 1959
f 1946 1959 1947
f 1947 1959 1960
f 1947 1960 1948
f 1948 1960 1961
f 1948 1961 1949
f 1949 1961 1962
f 1949 1962 1950
f 1950 1962 1963
f 1951 1964 1952
f 1952 1964 1965
f 1952 1965 1953
f 1953 1965 1966
f 1953 1966 1954
f 1954 1966 1967
f 1954 1967 1955
f 1955 1967 1968
f 1955 1968 1956
f 1956 1968 1969
f 1956 1969 1957
f 1957 1969 1970
f 1957 1970 1958
f 1958 1970 1971
f 1958 1971 1959
f 1959 1971 1972
f 1959 1972 1960
f 1960 1972 1973
f 1960 1973 1961
f 1961 1973 1974
f 1961 1974 1962
f 1962 1974 1975
f 1962 1975 1963
f 1963 1975 1976
f 1964 1977 1965
f 1965 1977 1978
f 1965 1978 1966
f 1966 1978 1979
f 1966 1979 1967
f 1967 1979 1980
f 1967 1980 1968
f 1968 1980 1981
f 1968 1981 1969
f 1969 1981 1982
f 1969 1982 1970
f 1970 1982 1983
f 1970 1983 1971
f 1971 1983 1984
f 1971 1984 1972
f 1972 1984 1985
f 1972 1985 1973
f 1973 1985 1986
f 1973 1986 1974
f 1974 1986 1987
f 1974 1987 1975
f 1975 1987 1988
f 1975 1988 1976
f 1976 1988 1989
f 1977 1990 1978
f 1978 1990 1991
f 1978 1991 1979
f 1979 1991 1992
f 1979 1992 1980
f 1980 1992 1993
f 1980 1993 1981
f 1981 1993 1994
f 1981 1994 1982
f 1982 1994 1995
f 1982 1995 1983
f 1983 1995 1996
f 1983 1996 1984
f 1984 1996 1997
f 1984 1997 1985
f 1985 1997 1998
f 1985 1998 1986
f 1986 1998 1999
f 1986 1999 1987
f 1987 1999 2000
f 1987 2000 1988
f 1988 2000 2001
f 1988 2001 1989
f 1989 2001 2002
f 1990 2003 1991
f 1991 2003 2004
f 1991 2004 1992
f 1992 2004 2005
f 1992 2005 1993
f 1993 2005 2006
f 1993 2006 1994
f 1994 2006 2007
f 1994 2007 1995
f 1995 2007 2008
f 1995 2008 1996
f 1996 2008 2009
f 1996 2009 1997
f 1997 2009 2010
f 1997 2010 1998
f 1998 2010 2011
f 1998 2011 1999
f 1999 2011 2012
f 1999 2012 2000
f 2000 2012 2013
f 2000 2013 2001
f 2001 2013 2014
f 2001 2014 2002
f 2002 2014 2015
f 2003 2016 2004
f 2004 2016 2017
f 2004 2017 2005
f 2005 2017 2018
f 2005 2018 2006
f 2006 2018 2019
f 2006 2019 2007
f 2007 2019 2020
f 2007 2020 2008
f 2008 2020 2021
f 2008 2021 2009
f 2009 2021 2022
f 2009 2022 2010
f 2010 2022 2023
f 2010 2023 2011
f 2011 2023 2024
f 2011 2024 2012
f 2012 2024 2025
f 2012 2025 2013
f 2013 2025 2026
f 2013 2026 2014
f 2014 2026 2027
f 2014 2027 2015
f 2015 2027 2028
f 2016 2029 2017
f 2017 2029 2030
f 2017 2030 2018
f 2018 2030 2031
f 2018 2031 2019
f 2019 2031 2032
f 2019 2032 2020
f 2020 2032 2033
f 2020 2033 2021
f 2021 2033 2034
f 2021 2034 2022
f 2022 2034 2035
f 2022 2035 2023
f 2023 2035 2036
f 2023 2036 2024
f 2024 2036 2037
f 2024 2037 2025
f 2025 2037 2038
f 2025 2038 2026
f 2026 2038 2039
f 2026 2039 2027
f 2027 2039 2040
f 2027 2040 2028
f 2028 2040 2041
f 2029 2042 2030
f 2030 2042 2043
f 2030 2043 2031
f 2031 2043 2044
f 2031 2044 2032
f 2032 2044 2045
f 2032 2045 2033
f 2033 2045 2046
f 2033 2046 2034
f 2034 2046 2047
f 2034 2047 2035
f 2035 2047 2048
f 2035 2048 2036
f 2036 2048 2049
f 2036 2049 2037
f 2037 2049 2050
f 2037 2050 2038
f 2038 2050 2051
f 2038 2051 2039
f 2039 2051 2052
f 2039 2052 2040
f 2040 2052 2053
f 2040 2053 2041
f 2041 2053 2054
f 2042 2055 2043
f 2043 2055 2056
f 2043 2056 2044
f 2044 2056 2057
f 2044 2057 2045
f 2045 2057 2058
f 2045 2058 2046
f 2046 2058 2059
f 2046 2059 2047
f 2047 2059 2060
f 2047 2060 2048
f 2048 2060 2061
f 2048 2061 2049
f 2049 2061 2062
f 2049 2062 2050
f 2050 2062 2063
f 2050 2063 2051
f 2051 2063 2064
f 2051 2064 2052
f 2052 2064 2065
f 2052 2065 2053
f 2053 2065 2066
f 2053 2066 2054
f 2054 2066 2067
f 2055 2068 2056
f 2056 2068 2069
f 2056 2069 2057
f 2057 2069 2070
f 2057 2070 2058
f 2058 2070 2071
f 2058 2071 2059
f 2059 2071 2072
f 2059 2072 2060
f 2060 2072 2073
f 2060 2073 2061
f 2061 2073 2074
f 2061 2074 2062
f 2062 2074 2075
f 2062 2075 2063
f 2063 2075 2076
f 2063 2076 2064
f 2064 2076 2077
f 2064 2077 2065
f 2065 2077 2078
f 2065 2078 2066
f 2066 2078 2079
f 2066 2079 2067
f 2067 2079 2080
f 2068 2081 2069
f 2069 2081 2082
f 2069 2082 2070
f 2070 2082 2083
f 2070 2083 2071
f 2071 2083 2084
f 2071 2084 2072
f 2072 2084 2085
f 2072 2085 2073
f 2073 2085 2086
f 2073 2086 2074
f 2074 2086 2087
f 2074 2087 2075
f 2075 2087 2088
f 2075 2088 2076
f 2076 2088 2089
f 2076 2089 2077
f 2077 2089 2090
f 2077 2090 2078
f 2078 2090 2091
f 2078 2091 2079
f 2079 2091 2092
f 2079 2092 2080
f 2080 2092 2093
f 2081 2094 2082
f 2082 2094 2095
f 2082 2095 2083
f 2083 2095 2096
f 2083 2096 2084
f 2084 2096 2097
f 2084 2097 2085
f 2085 2097 2098
f 2085 2098 2086
f 2086 2098 2099
f 2086 2099 2087
f 2087 2099 2100
f 2087 2100 2088
f 2088 2100 2101
f 2088 2101 2089
f 2089 2101 2102
f 2089 2102 2090
f 2090 2102 2103
f 2090 2103 2091
f 2091 2103 2104
f 2091 2104 2092
f 2092 2104 2105
f 2092 2105 2093
f 2093 2105 2106
f 2094 2107 2095
f 2095 2107 2108
f 2095 2108 2096
f 2096 2108 2109
f 2096 2109 2097
f 2097 2109 2110
f 2097 2110 2098
f 2098 2110 2111
f 2098 2111 2099
f 2099 2111 2112
f 2099 2112 2100
f 2100 2112 2113
f 2100 2113 2101
f 2101 2113 2114
f 2101 2114 2102
f 2102 2114 2115
f 2102 2115 2103
f 2103 2115 2116
f 2103 2116 2104
f 2104 2116 2117
f 2104 2117 2105
f 2105 2117 2118
f 2105 2118 2106
f 2106 2118 2119
f 2107 2120 2108
f 2108 2120 2121
f 2108 2121 2109
f 2109 2121 2122
f 2109 2122 2110
f 2110 2122 2123
f 2110 2123 2111
f 2111 2123 2124
f 2111 2124 2112
f 2112 2124 2125
f 2112 2125 2113
f 2113 2125 2126
f 2113 2126 2114
f 2114 2126 2127
f 2114 2127 2115
f 2115 2127 2128
f 2115 2128 2116
f 2116 2128 2129
f 2116 2129 2117
f 2117 2129 2130
f 2117 2130 2118
f 2118 2130 2131
f 2118 2131 2119
f 2119 2131 2132
f 2120 2133 2121
f 2121 2133 2134
f 2121 2134 2122
f 2122 2134 2135
f 2122 2135 2123
f 2123 2135 2136
f 2123 2136 2124
f 2124 2136 2137
f 2124 2137 2125
f 2125 2137 2138
f 2125 2138 2126
f 2126 2138 2139
f 2126 2139 2127
f 2127 2139 2140
f 2127 2140 2128
f 2128 2140 2141
f 2128 2141 2129
f 2129 2141 2142
f 2129 2142 2130
f 2130 2142 2143
f 2130 2143 2131
f 2131 2143 2144
f 2131 2144 2132
f 2132 2144 2145
f 2133 2146 2134
f 2134 2146 2147
f 2134 2147 2135
f 2135 2147 2148
f 2135 2148 2136
f 2136 2148 2149
f 2136 2149 2137
f 2137 2149 2150
f 2137 2150 2138
f 2138 2150 2151
f 2138 2151 2139
f 2139 2151 2152
f 2139 2152 2140
f 2140 2152 2153
f 2140 2153 2141
f 2141 2153 2154
f 2141 2154 2142
f 2142 2154 2155
f 2142 2155 2143
f 2143 2155 2156
f 2143 2156 2144
f 2144 2156 2157
f 2144 2157 2145
f 2145 2157 2158
f 2146 2159 2147
f 2147 2159 2160
f 2147 2160 2148
f 2148 2160 2161
f 2148 2161 2149
f 2149 2161 2162
f 2149 2162 2150
f 2150 2162 2163
f 2150 2163 2151
f 2151 2163 2164
f 2151 2164 2152
f 2152 2164 2165
f 2152 2165 2153
f 2153 2165 2166
f 2153 2166 2154
f 2154 2166 2167
f 2154 2167 2155
f 2155 2167 2168
f 2155 2168 2156
f 2156 2168 2169
f 2156 2169 2157
f 2157 2169 2170
f 2157 2170 2158
f 2158 2170 2171
f 2159 2172 2160
f 2160 2172 2173
f 2160 2173 2161
f 2161 2173 2174
f 2161 2174 2162
f 2162 2174 2175
f 2162 2175 2163
f 2163 2175 2176
f 2163 2176 2164
f 2164 2176 2177
f 2164 2177 2165
f 2165 2177 2178
f 2165 2178 2166
f 2166 2178 2179
f 2166 2179 2167
f 2167 2179 2180
f 2167 2180 2168
f 2168 2180 2181
f 2168 2181 2169
f 2169 2181 2182
f 2169 2182 2170
f 2170 2182 2183
f 2170 2183 2171
f 2171 2183 2184
f 2172 2185 2173
f 2173 2185 2186
f 2173 2186 2174
f 2174 2186 2187
f 2174 2187 2175
f 2175 2187 2188
f 2175 2188 2176
f 2176 2188 2189
f 2176 2189 2177
f 2177 2189 2190
f 2177 2190 2178
f 2178 2190 2191
f 2178 2191 2179
f 2179 2191 2192
f 2179 2192 2180
f 2180 2192 2193
f 2180 2193 2181
f 2181 2193 2194
f 2181 2194 2182
f 2182 2194 2195
f 2182 2195 2183
f 2183 2195 2196
f 2183 2196 2184
f 2184 2196 2197
f 2185 2198 2186
f 2186 2198 2199
f 2186 2199 2187
f 2187 2199 2200
f 2187 2200 2188
f 2188 2200 2201
f 2188 2201 2189
f 2189 2201 2202
f 2189 2202 2190
f 2190 2202 2203
f 2190 2203 2191
f 2191 2203 2204
f 2191 2204 2192
f 2192 2204 2205
f 2192 2205 2193
f 2193 2205 2206
f 2193 2206 2194
f 2194 2206 2207
f 2194 2207 2195
f 2195 2207 2208
f 2195 2208 2196
f 2196 2208 2209
f 2196 2209 2197
f 2197 2209 2210
f 2198 2211 2199
f 2199 2211 2212
f 2199 2212 2200
f 2200 2212 2213
f 2200 2213 2201
f 2201 2213 2214
f 2201 2214 2202
f 2202 2214 2215
f 2202 2215 2203
f 2203 2215 2216
f 2203 2216 2204
f 2204 2216 2217
f 2204 2217 2205
f 2205 2217 2218
f 2205 2218 2206
f 2206 2218 2219
f 2206 2219 2207
f 2207 2219 2220
f 2207 2220 2208
f 2208 2220 2221
f 2208 2221 2209
f 2209 2221 2222
f 2209 2222 2210
f 2210 2222 2223
f 2211 2224 2212
f 2212 2224 2225
f 2212 2225 2213
f 2213 2225 2226
f 2213 2226 2214
f 2214 2226 2227
f 2214 2227 2215
f 2215 2227 2228
f 2215 2228 2216
f 2216 2228 2229
f 2216 2229 2217
f 2217 2229 2230
f 2217 2230 2218
f 2218 2230 2231
f 2218 2231 2219
f 2219 2231 2232
f 2219 2232 2220
f 2220 2232 2233
f 2220 2233 2221
f 2221 2233 2234
f 2221 2234 2222
f 2222 2234 2235
f 2222 2235 2223
f 2223 2235 2236
f 2224 2237 2225
f 2225 2237 2238
f 2225 2238 2226
f 2226 2238 2239
f 2226 2239 2227
f 2227 2239 2240
f 2227 2240 2228
f 2228 2240 2241
f 2228 2241 2229
f 2229 2241 2242
f 2229 2242 2230
f 2230 2242 2243
f 2230 2243 2231
f 2231 2243 2244
f 2231 2244 2232
f 2232 2244 2245
f 2232 2245 2233
f 2233 2245 2246
f 2233 2246 2234
f 2234 2246 2247
f 2234 2247 2235
f 2235 2247 2248
f 2235 2248 2236
f 2236 2248 2249
f 2237 2250 2238
f 2238 2250 2251
f 2238 2251 2239
f 2239 2251 2252
f 2239 2252 2240
f 2240 2252 2253
f 2240 2253 2241
f 2241 2253 2254
f 2241 2254 2242
f 2242 2254 2255
f 2242 2255 2243
f 2243 2255 2256
f 2243 2256 2244
f 2244 2256 2257
f 2244 2257 2245
f 2245 2257 2258
f 2245 2258 2246
f 2246 2258 2259
f 2246 2259 2247
f 2247 2259 2260
f 2247 2260 2248
f 2248 2260 2261
f 2248 2261 2249
f 2249 2261 2262
f 2250 2263 2251
f 2251 2263 2264
f 2251 2264 2252
f 2252 2264 2265
f 2252 2265 2253
f 2253 2265 2266
f 2253 2266 2254
f 2254 2266 2267
f 2254 2267 2255
f 2255 2267 2268
f 2255 2268 2256
f 2256 2268 2269
f 2256 2269 2257
f 2257 2269 2270
f 2257 2270 2258
f 2258 2270 2271
f 2258 2271 2259
f 2259 2271 2272
f 2259 2272 2260
f 2260 2272 2273
f 2260 2273 2261
f 2261 2273 2274
f 2261 2274 2262
f 2262 2274 2275
f 2263 2276 2264
f 2264 2276 2277
f 2264 2277 2265
f 2265 2277 2278
f 2265 2278 2266
f 2266 2278 2279
f 2266 2279 2267
f 2267 2279 2280
f 2267 2280 2268
f 2268 2280 2281
f 2268 2281 2269
f 2269 2281 2282
f 2269 2282 2270
f 2270 2282 2283
f 2270 2283 2271
f 2271 2283 2284
f 2271 2284 2272
f 2272 2284 2285
f 2272 2285 2273
f 2273 2285 2286
f 2273 2286 2274
f 2274 2286 2287
f 2274 2287 2275
f 2275 2287 2288
f 2276 2289 2277
f 2277 2289 2290
f 2277 2290 2278
f 2278 2290 2291
f 2278 2291 2279
f 2279 2291 2292
f 2279 2292 2280
f 2280 2292 2293
f 2280 2293 2281
f 2281 2293 2294
f 2281 2294 2282
f 2282 2294 2295
f 2282 2295 2283
f 2283 2295 2296
f 2283 2296 2284
f 2284 2296 2297
f 2284 2297 2285
f 2285 2297 2298
f 2285 2298 2286
f 2286 2298 2299
f 2286 2299 2287
f 2287 2299 2300
f 2287 2300 2288
f 2288 2300 2301
f 2289 2302 2290
f 2290 2302 2303
f 2290 2303 2291
f 2291 2303 2304
f 2291 2304 2292
f 2292 2304 2305
f 2292 2305 2293
f 2293 2305 2306
f 2293 2306 2294
f 2294 2306 2307
f 2294 2307 2295
f 2295 2307 2308
f 2295 2308 2296
f 2296 2308 2309
f 2296 2309 2297
f 2297 2309 2310
f 2297 2310 2298
f 2298 2310 2311
f 2298 2311 2299
f 2299 2311 2312
f 2299 2312 2300
f 2300 2312 2313
f 2300 2313 2301
f 2301 2313 2314
f 2302 2315 2303
f 2303 2315 2316
f 2303 2316 2304
f 2304 2316 2317
f 2304 2317 2305
f 2305 2317 2318
f 2305 2318 2306
f 2306 2318 2319
f 2306 2319 2307
f 2307 2319 2320
f 2307 2320 2308
f 2308 2320 2321
f 2308 2321 2309
f 2309 2321 2322
f 2309 2322 2310
f 2310 2322 2323
f 2310 2323 2311
f 2311 2323 2324
f 2311 2324 2312
f 2312 2324 2325
f 2312 2325 2313
f 2313 2325 2326
f 2313 2326 2314
f 2314 2326 2327
f 2315 2328 2316
f 2316 2328 2329
f 2316 2329 2317
f 2317 2329 2330
f 2317 2330 2318
f 2318 2330 2331
f 2318 2331 2319
f 2319 2331 2332
f 2319 2332 2320
f 2320 2332 2333
f 2320 2333 2321
f 2321 2333 2334
f 2321 2334 2322
f 2322 2334 2335
f 2322 2335 2323
f 2323 2335 2336
f 2323 2336 2324
f 2324 2336 2337
f 2324 2337 2325
f 2325 2337 2338
f 2325 2338 2326
f 2326 2338 2339
f 2326 2339 2327
f 2327 2339 2340
f 2328 2341 2329
f 2329 2341 2342
f 2329 2342 2330
f 2330 2342 2343
f 2330 2343 2331
f 2331 2343 2344
f 2331 2344 2332
f 2332 2344 2345
f 2332 2345 2333
f 2333 2345 2346
f 2333 2346 2334
f 2334 2346 2347
f 2334 2347 2335
f 2335 2347 2348
f 2335 2348 2336
f 2336 2348 2349
f 2336 2349 2337
f 2337 2349 2350
f 2337 2350 2338
f 2338 2350 2351
f 2338 2351 2339
f 2339 2351 2352
f 2339 2352 2340
f 2340 2352 2353
